"rank","time","help","text"
"力荐","2018-01-28","11204","“你看，这个孩子好懂事啊。”“你怎么知道她是不是害怕、沉默、妥协呢？”"
"力荐","2016-09-02","8650","原来我们都是这样长大的……或者说，如果没有共鸣，你知不知道你有多幸运……"
"力荐","2014-02-19","4540","我之所以坚决认为不该要孩子，没有别的原因，仅仅是因为我实在没有把握让一个充满灵气的生命不被“成长”为一个认为《时间简史》只是给孩子看的、用一个谎言去圆另一个谎言的大人。PS：这应该就是今年你能看到的最好的华语电影"
"还行","2013-10-16","4335","狗是引题，13是成长，狗B是伪善的成人世界。家长不知教育孩子的根本，而拿狗出气，这就是中国式教育的最大问题。新狗代替老狗去死，女孩意识到狗狗回来受罪不如在外人那好吃好伺候着，这是她向成人世界的妥协也是她逐渐迈向成人的成长。"
"力荐","2018-02-21","3896","李玩的名字是胡乱取的，弟弟的名字是认真取的，因为“男孩的名字不能太随便了”。 继母随便找只狗来敷衍李玩，爸爸还强迫她承认这就是爱因斯坦。 是继母买来了新狗，也是继母要把新狗卖了。狗只是畜生，利用完了就可以扔了。 李玩推倒了爷爷，遭到了爸爸的暴打；弟弟打了奶奶，爸爸却反过来哄弟弟。 弟弟挑衅新狗在先，爸爸却去打新狗。 李玩永远是错的，弟弟永远是对的。 于是，李玩变得“成熟懂事”了，她会不让爸爸难堪，忍痛吃狗肉；她会为了不让爱因斯坦跟她受苦，忍痛离开。 但我还是想念最真实的她，希望她能做回自己。 我们人人都是李玩，被生活磨平了棱角，失去了个性，扔掉了脾气，忘记了初心，还美其名曰“这就是成长”。 我们“提高了”情商，“学会了”做违心的事，说违心的话，再也不遵循自己的内心。 狗永远是狗，人有时却不是人。"
"推荐","2018-12-02","3016","这毕竟还是大城市的较为体面的家庭的故事了，女孩要在父亲面前挑衅地吹啤酒瓶才会挨一顿打，打完还能得到道歉与补偿。在我们十八线小城市的版本里，女孩准备出门找狗的时候就已经可以赢得两记耳光了，没有发出尖叫的机会，没有摔门摔碗的机会，只能把头深深地埋进被窝里无声哭一场，第二天起来，就长大了。"
"推荐","2018-12-05","1412","真的会去看这本电影的观众，其实都没有去看的必要，所有的剧情他们都知道，所有的后来他们都正在写下，他们是观众是演员是这本电影和生活的预言家。但是需要看这本电影的那些人，可能永远不会看到这本电影。"
"推荐","2018-01-27","1251","每一场成长都是凶杀案，或者说，这块土地上没有成长只有阉割。最后少女终于知道让心爱的狗留在身边是危险的，这就是我们的生存法则，越早领悟越少挣扎越少伤害，恨，恨带来安全、稳固和强大。我们生活在“恨和国”里。"
"推荐","2013-10-07","978","千言万语、含蓄用力、直白或有寓意，其实就一句粗口：XX。有些地方挺狠的，女性观众很容易会看哭吧。当动物不再凶猛，温良而顺从，这个国度那套深入到骨髓的，父权威严不可抗的教育方式，已经被吸收消化了。"
"推荐","2018-12-04","850","9分。太真实、太熟悉、太多似曾相识。本片与常规青春片最大的不同是：不煽情、不抓马。对待不公平的做法是不争取，不呐喊，而是让角色去接受：好吧、算了吧、就这样吧。。。一直在放弃，一直在退让，这就是长大，就是懂事了。这样反而更让人想哭。因为，这太像我们一路成长经历过的那些。所以，会哭不是因为感动，而是难过，是对一切都无能为力之后，因无奈而难过。更令人无奈的是，这一切，似乎都是无解的。家长的教育观是潜移默化的，我们这一代又一代，都是这么长大的，被磨平棱角的孩子，长大后，变成懂事的大人，然后，帮着下一代懂事。"
"力荐","2013-10-17","816","5.0。1.狗B！2.世俗的驯化就像一把隐形匕首，甚至连局外人都不放过。3.李玩这样的少女角色，难得一见。4.飞进教室的原来不是猫头鹰，是蝙蝠。5.没有利用平行宇宙故作高端，真好。6.残酷收尾：学不会滑冰的弟弟。7.配乐大好，情绪渲染让人泣泪。8.年度十佳。"
"推荐","2013-12-19","666","女孩拒^狗，女孩接受狗；女孩失去狗，女孩同情狗；女孩背叛狗，女孩不再要狗。――“@拥氖虑橐葬徇有很多。”"
"力荐","2014-04-27","620","极好的独立电影。片名既是少女被驯化的成长悲剧，也是一句粗口：骂的是中国父性权威和教育体制。少女从养狗丢狗寻狗，到最后平静地吃狗肉还说谢谢，《狗13》以此记录了后革命时代叛逆主体消失的全过程。老师打死蝙蝠段落尤其妙。"
"很差","2018-05-04","741","羡慕你们真能看得下去，还如此盛赞"
"推荐","2018-04-11","607","所以知道少女在电影中堕胎或车祸是有多幸福了吧？"
"较差","2018-12-05","694","个人觉得评分虚高，虽然导演想轻描淡写的表现出青春的伤痕，可是个人觉得女主没有那么惨啊，奶奶全家和爸爸为了怕她伤心吗还是很全里维护的，爸爸确实做的不对，可是不是那种恶意的，是爸爸的性格导致的，确实体现了中国式教育的问题，可这并不是真正的青春成长伤痕。"
"推荐","2013-10-17","438","爸爸的一顿痛打之后，她成熟了…所有的叛逆神经在那一刻断了弦，成人世界的冷暖看在眼里、忍在心里，什么时候咽得下那口泪，什么时候才是真正的成长。《李米的猜想》就很喜欢，这一部更有力，前面觉得多大点事的小格局到结尾又是醍醐灌顶的开朗，导演功力了得。“再回首，恍然如梦，再回首，我心依旧”"
"推荐","2018-02-02","453","让我看到了国产片中最好的家长打孩子段落"
"较差","2018-02-10","438","宠物丢失、宴席上听某总扯淡、因为一个小孩被家人遗忘…这些剧情我都经历过，女主想的我也都想过。但恕我直言，因为这些成人世界应有的游戏规则而表现出一副苦大仇深的样子，不是它们有多坏，而是你有多软。片中发生的所有“坏”事都是此时此地人之常情，以此来暗喻“成长/反抗”是很幼稚的。音乐嘈杂"
"推荐","2013-10-11","383","牛奶换红酒，旱冰变刀冰，成长中总有我们学不会的东西。"
"还行","2018-12-08","404","1.一点都没看出李玩的青春成长哪里“残酷”“暴力”，也完全没看出什么重男轻女。她的父亲努力平衡两个家庭，小心翼翼讨女儿欢心，还要怎么样呢？我们这代人遇到的真正残暴的父母太多了，殴打的时候可不是影片中那样象征性的殴打啊，谁不是从这屋踹到那屋，从楼上打到楼下。爷爷奶奶对她也足够疼爱有加了，说名字随意，给弟弟好好起名，不过就是老人那么一说，故事里真看不出任何男女有别。就算有别，也是因为李玩大了，弟弟还小。这人之常情。2.用狗喻人不新，但要喻准，这里就不准。狗丢了之后，一家人都很自责，还要如何？没看出冷酷和冷漠啊。李玩疯癫一样，推搡疼她又内疚不已的爷爷，这算少女被受伤害的青春？我觉得爷爷奶奶和爸爸受伤也不浅啊。3.关于父亲宴席上的喝酒和狗肉，可笑的成年人描绘很好，但那时父亲应酬，无奈而已，狗肉就更做作"
"较差","2018-11-23","400","现实中碰到这种吼叫女孩，我不会在乎她的故事可能存在的电影感，她捉襟见肘的生活智慧不匹配她的善。"
"较差","2018-12-05","388","用上了吃奶的劲也没讲出什么大道理，典型的小题大做，故作深刻。人物之间的冲突都是因为一方明显的过错造成，很是无聊。隐喻极端笨拙。"
"推荐","2015-05-17","317","我们曾经有过不错的“青春”片传统，包括《站台》《十七岁的单车》《十三颗泡桐》等以来的当代成长类型，他们都有着观众可以切身体验到的阵痛感，而《狗13》《我的影子在奔跑》甚至《万箭穿心》等也都难得地继承了这样的传统。IP视频或许能留存数据，但电影史会记载作品。"
"推荐","2018-03-04","362","李玩的父亲倒不是一个彻底无可救药的父亲，他一次次流泪和不耐烦的嘶吼背后都是一个成人的不易，成长的残酷在于：承担着不易的大人，会用他们早习惯的冷漠和嘶吼，无情地让孩子来共同分担。可能就是那么不经意的一次伤害，那个任性的小女孩就再也不哭、懂事了，成为了狗B世界的一个分子。"
"推荐","2013-11-15","300","No Country for The Youths."
"推荐","2018-01-28","273","是少女寂寞的十三岁，是我们永远不知道为什么总不快乐的十三岁，是像狗一样被驯化的十三岁，是一代又一代人重复的、失去童真童趣童心、变得世俗起来的十三岁。孔雀从此被关进笼子里供人观赏，游鱼从此被封闭在水箱中给人参观，狗从此被牵在漂亮的皮绳里乖顺地躺下来，少年从此长成衣冠楚楚的合格的大人。但更叫人沮丧的是，那些原本暗潮涌动的年轻人长成庸碌的中年人之后，最终也会转过身去驯化下一代。"
"较差","2015-04-25","291","意象冗余，时空错乱。编剧妹妹有可能在回望青春时代的自己，顾影自怜。但导演大叔一心一意想让这幻象少女扼住现实主义的咽喉。这两个人之间隔了一道鸿沟，生理上讲，叫代沟。"
"力荐","2016-08-10","273","这几年被国产糖水青春片伤害的心灵终于得到了抚慰。有几场戏特别灵，从爸爸发火一场开始飙泪。那些敏感的岁月在眼前重现，有种劫后余生的感觉。长大真难啊，如果变成大人就是长大的话。喜欢。"
"推荐","2013-10-11","235","中国的小朋友啊过得像条狗。演员和摄影都很不错，但前半部分表现得直白过头，有点假得不舒服，被过度消费的相对论啊平行宇宙啊还有涅盘啊更是让人难以接受。不过，妹子大哭完之后，开始残酷青春了，故事内敛起来，情绪表达就很到位了"
"很差","2018-03-26","282","拍的还好，就是主旨弱了点，没什么意思，无病呻吟不得精髓，啥玩意啊，你小孩子就纯真美好了？不就是这世界伺候不好你让你不开心了吗？教育的缺点？拉倒吧，全世界那里的教育不是沦落为统治者更好的韭菜，不就是当韭菜当的不开心了吗？"
"力荐","2018-01-27","212","可能是近十年最好的国产青春片。少女李玩之烦恼，是中国式家庭教育的困局，成长的代价是对庸常社会的妥协，是对油腻中年大叔的谄媚，是对这个狗B一样的世界的被动和解。无论是狗，还是十三岁的少女，都在被驯化变得温顺。中国人说，她成熟了，长大了，懂事了，但是背后却透露着失去自我的精神枷锁，这更痛苦"
"力荐","2018-03-23","235","当李玩发现那只快乐的小鸟只不过是一个正在被送往救护车里的精神病人时，她一定是明白了这个世界的美好与自由只存在于疯子的臆想世界里。一只狗和一个13岁的孩子最后也注定在这个伪善的世界里成长为一个狗B。"
"推荐","2018-11-06","240","她爸终于暴揍她一顿，很解气"
"较差","2018-08-26","218","冲着八点几分来看下，结果大失所望。耐着性子看了二十几分钟完全不知所谓，果断弃了。这样的烂片居然有8.7分，只能说中国的观众欣赏水片太低。"
"很差","2018-11-15","184","什么垃圾片啊，居然8.5，太tmd垃圾了。平淡不说，教育方式我也并没觉得有什么问题。家有儿女的自然理解，不要去无病呻吟了。"
"推荐","2013-11-16","144","这部电影就是那个敏感小气的女编剧，长大后回首青春期，然后射向父母的暴虐毒箭。全片有最少三个段落极其棒，但牛逼的才气都被小心思堵死了。三星半。"
"很差","2018-12-05","164","实在看不懂这片子想要表达什么，感觉是编剧和导演的理解完全不同，抽离出故事和导演的表达让我感觉在看两部电影。如果说在讽刺成长过程中孩子对成人世界的妥协，反而觉得片中的爷爷奶奶爸爸妥协的更多。你们的青春期都这么阴郁敏感吗？女主让我觉得比所谓成年世界那拨人更狗13"
"推荐","2013-11-15","164","我也家庭破碎，我也痛失爱犬。影片的结尾，李玩向成人世界妥协，向过去告别，最终进入了充满欺骗、虚伪、谎言的成人世界。而我，因为对人性的巨大失望，永远不会向成人世界妥协。我只是避开。人纵有一死，没有必要争什么。亲情也好，爱情也罢，这世上没有一样感情完全属于你，没有一样感情不千疮百孔。"
"推荐","2013-11-15","111","三星半。五年前在北电金字奖上看的这部电影，那年他们的大明星是鲍鲸鲸。它本是一个骨缝藏刀的自省的故事，但前三分之一铺陈以及结尾的一些段落太造作，严重倒胃。从爷爷推门暴怒开始全片进入强剧力（但爷爷此刻的做法在前后文上也说不通）。各种夸张舞台范表演把主角逼死，配乐太满放弃环境声也是一大败笔。总的来说，这是一个有着严重的少年成长阴影的编剧对他这代人的长辈进行无差别报复性创作的结果，是一团容易固步自封并且需要警惕的戾气，悲伤逆流成河。"
"很差","2018-05-22","148","为什么要浪费这么多成本，拍一个这种产品。太正常了，太普通了，谁都是这么成长过来的，熊孩子三天不打上房揭瓦，成长的代价。为什么要插段洗澡的镜头？"
"力荐","2013-10-15","108","一个时代的残酷青春，里面有我们成长道路上的亲切感和孤独感，那种没有人理解认同，还要被迫接受大人世界的无助。向往自由和理想，与人相处单纯而传统，但是都因成长而统统被洗刷掉。印象深刻的两场戏全家联手用假狗欺骗和认为弟弟应为误伤奶奶道歉。"
"推荐","2018-11-26","161","维系重组家庭的关系，想要儿子还要考虑女儿的感受，打了女儿会主动认真道歉，把咬人的狗送去收留所而不是狗肉馆，酒局上的奉承巴结，接到前妻电话时的情难自禁，你们只看到女主的成长太残酷，却忘了做一个合格的成年人原本就比做一个合格的孩子要辛苦得多。"
"还行","2014-03-04","121","小题大做，不作不死。"
"推荐","2018-01-27","135","这傻13的中国式教育，我爸可比李玩他爸狗13多了，我爸小时候打完我从没给我道过歉，看这部电影时产生了极大的共鸣和视觉回忆，那时候觉得自己快被打死了，现在回想确定被打死了，心早被打死了，在一个暴力的成长环境下长大的人你为什么要指望她能温柔的处事，从没有人教过她温柔，也没人对她温柔。"
"较差","2013-11-18","90","这是曹保平么？另外，那个编剧的女孩好得瑟啊"
"较差","2018-05-01","103","想讨论问题，请先控制好叙事节奏"
"较差","2018-12-03","98","刻意拔高立意和内涵 结果败露了自己的虚伪和平庸 成功煽情赚了大把眼泪 对中国社会问题的呈现却如隔靴搔痒 缺乏力度 连对小女孩的青春事迹和中国式家庭生活的细节描述都尴尬得让我浑身不适 有种事件是对的 但落到实处又假了的矛盾 分不清是导演的问题还是表演的问题 李玩的叛逆和缺乏对他人的理解 让所谓对成人世界扼杀童真 驯化个人意识的控诉显得缺乏立场和逻辑 如果长大成人就是体谅供你吃喝的家人 不给别人添麻烦 我看不出来这样的成长有什么值得骂一句“狗B”的 以及编剧好歹认真学点物理学知识再来冒充物理少女吧"
"很差","2018-12-05","92","矫情到这种地步 也是没谁了 一个放了5年的老片子 还出来骗观众钱……"
"推荐","2016-08-10","87","负能量巨大不想再看，要对这个社会骂句片名狗B的。中国式教育是根源，从不断暴露问题的极品家庭到学校和当下的环境风气历史从小看大，可怕的是还在继续制造循环更多出现在我们身边。剧本的刻意是缺点但讽刺甚至荒诞的变成了特点，像镜子审视每个人，由于经历不同理解起来也大不一样。成长确实就是这样慢慢失去很多东西磨平来长成别人演里的大人而且这样的事没完没了还多着呢。80后女编剧的小心思表达的有时幼稚但立意细节呼应和导演的完成度流畅性都很好还有表演。从小不要哄骗像逗傻子一样的管教小孩子，教导也要循序渐进有个尺度，不能忽冷忽热。盲探结尾还说过女孩不要太执着，那样我觉得也还是不会太好。资料馆百子湾。"
"还行","2016-08-10","85","细腻却缺乏大气，有力又稍显做作，节奏流畅叙事平滑，像是熟练运用模板压制出来的平凡之作，没有格外的缺陷或是长处，将拿捏得稍有韵味旋即戛然而止的平凡剧本平凡地演绎了出来，这也是我们青春片的一致硬伤，重于情怀而疏于昭切。有人推荐给我讲这是一部残酷青春，我只对他这粉红色的残酷一笑而过。"
"力荐","2015-07-11","89","【电影资料馆】20160618，李玩是大陆电影里少有的兼具青涩感和圆滑感的少女形象，里面有很多细节我很喜欢，比如李玩吃方便面前喜欢先挑起来凉一下，整个故事沿着一种让人不可抑制的矢量进行。变成这个世界的一部分并不恐怖，恐怖的是毫不自知。重新思考了一下，给五星是正确的"
"很差","2018-11-02","81","浪费时间，剧情生硬，演技尴尬，用力过猛"
"还行","2018-02-05","81","还是曹保平的老毛病：不合理。站在家长的角度，那么讨厌狗的话最多丢掉，怎么会非要送到狗肉店去？老头老太的表演也是完全反日常的，是保健品广告式的。还有科学展时间是06年9月，当时弟弟2周岁，那么04年他刚出生时女主怎么会在听腰乐队05年的《不哭》？应该是个bug。不过剧本的批判性还是值得肯定。"
"较差","2018-12-02","81","在电影院看完全是灾难性体验。导演为了表现人物的折磨、对立，配乐各种高频，尖锐，吵闹，而且随心所欲地在任何场合出现，两个小时弄的我想吐。另外家庭群像太尴尬，塑料感十足，忽而深情忽而冰冷没错说的就是姐姐。他妈到最后忽然出现，我一度以为男人是鳏夫再娶，刻意煽情。整个家庭浅薄、混乱、不知所云。因此即便狗和小女孩的关系颇具讽刺意味，但表达的基础太虚浮，让我反感。"
"推荐","2018-01-27","74","大岛渚说过：“无论在任何体制下，青春都是极其伤身的。”而这片试图窥伺的，正是独属于这片大陆的生存法则――像牲口般接受驯服且苟活，从原始的抵抗到彻底的顺从。“切肤的成长痛感”藉由暴烈的戏剧冲突，展览了一场青春的斩首示众。"
"还行","2013-11-15","60","听说是焦华静本科的毕业作品，稍显稚嫩，曹保平和焦华静是真爱啊，女主演技实在不怎么样"
"推荐","2018-08-08","59","这不就是传统的常见的中国式家庭教育吗？父母从来不会问儿女心里的想法，也不关心他们的选择，一切都以自我为中心，还常常美其名曰“为你好”。很庆幸，我生活在一个可以自我野蛮生长的家庭，父母对我们实行散养，当然，结果也是有好有坏。"
"较差","2016-08-11","73","延续了对曹老师所有片子都不感冒的传统。青春期叛逆少女的视角和强势的男性导演风格还是有些格格不入，三观不敢苟同，编剧非要硬塞一个必须妥协才能长大的核也是真心受不了。小姑娘与狗之前的情感构建完全不成功。剪辑太糟糕，音乐也用得太可怕，张雪迎迷之像徐娇但表演上还是有点太过了有些矫情。"
"无评价","2018-12-06","62","真实到几乎想要逃出影院。我们都是怀揣着对成年人的仇恨成长为成年人的，这是一个恐怖片。"
"还行","2018-12-08","75","吞下的猪肝会变成狗肉，咽下的果汁会变成红酒，束胸的绷带会换成胸罩，你的身体会适应一切变化。身上的文身会换新的名字，墙上的告示会换新的内容，走失的老狗会换新的主人，所有的成长都要经历阵痛。愤怒被锁进厕所，叛逆被一掌击落，看那冰面上求助的孩子，总要摔完自己站起来，才会懂得成人的代价。"
"力荐","2016-07-01","53","狗日的十三岁，狗日的青春。不管你是沉醉于平行宇宙还是拿《锵锵三人行》当背景音乐，最后都要在尊卑有序的父权社会中磨平棱角与个性，变得越来越“懂事”。“这样的事儿，以后还会有很多。”"
"还行","2018-01-27","57","饭桌上的狗肉和车里的哭泣两场戏太多余了，当然，类似琐碎多余的戏份还不少，新人编剧和老练导演搭配的长处与短板同时体现在了这部影片中。15岁就遇到了曹保平，是张雪迎的幸运，也是张雪迎的不幸。"
"推荐","2018-12-07","41","一部很扎实的国产青春片，肯定会是以后这类型的经典吧，讲一个少女被磨平棱角踏入成年人的世界。剧本在叙事上可圈可点，朝着一个明确的目的在推进，导演也没有什么野心，就是踏踏实实地讲了一个中国式的故事，虽然有些地方并不完美，但也丝毫不影响它的主题表达，很容易让年轻人产生情感上的共鸣。看片的时候我就在想，这确实是一个年轻的编剧啊，她把片中的成人世界和成人角色处理的很脸谱化，或多或少都是清一色的伪善，再看看少女最后的妥协，换做是国产青春片常用的那句矫情台词的话，就是“后来我们都长成了自己当初讨厌的那种人”，不过像【狗十三】这样要聪明一些，虽然这种年轻人的见解也没有高明到哪里去。作为中年男人看这个，有点脸红，当年确实也这么想过，只是后来发现人要复杂的多，这样的故事倒可以是一本不错的文学小说。"
"很差","2018-12-04","57","现在这个市场还能相信啥？又一部过度吹捧的片。最有演技就是爸爸打女儿那场戏了，打并不是因为爸爸口口声声爱女儿，是女儿真的作。夜深人静没有头绪地喊叫狗，一而再冲撞。最后吃狗肉，气氛凝结，一个字：吃。片尾打字幕，本片反对xxxx，就能一笔勾销中间种种打狗？？当然，从中也回忆起中学时代叛逆的自己，妥协、被驯服和自省，本片主题摆在那儿，情绪却不到位，或者说太过了。与此类比的《伯德小姐》比却它评分还要低，那是去年我的最爱之一..。"
"力荐","2018-12-09","50","我一定要当个好爹"
"推荐","2018-12-07","46","当内心成长的速度与环境远远不能相容，是谓「青春的逆与痛」，每个人必得经历的阵痛期，心怀宇宙无穷，而身缚困境泥淖，与大千世界搏斗至头破血流，方跌撞进成人黑洞；争取与妥协，得到与放手，在一次次讶异与失望中，我们终将都成为生活的俘虏。「狗」是整部片的戏眼，贯穿了少女的青春期，见证其无可奈何的挣扎，亦是全家关系架构的支点。虽仍存有戏剧化倾向，整体风格较克制，细节铺设得隐秘而惊喜，如课堂上的蝙蝠与深夜急救的仿鸟人，像是漫长灰暗青春里不经意却难忘的注脚。女主父亲像渡部笃郎，父女对手戏是我的泪点（尤其是追问父母分手理由一段），成年人的无奈与虚伪一样真切，反正我们迟早一样。"
"还行","2014-04-17","51","有5分钟吃饭的戏拍的还是不错的，前提是你能忍受长达110分钟的烂戏.2.5"
"较差","2018-11-06","47","白开水里撒了把花椒盐。人生本身就是个竭尽全力的过程。越是不停地心疼自己，就越会在不可人疼的岔路上渐行渐远，何必呢。"
"推荐","2018-12-02","32","3.5 “中国式成长”模板――记得在我从小到大的成长中，相似“养狗~杀狗”经历都有两次，体罚、灌酒更不必多说。90%的我们这代人，都是这样长大的，而女主则比90%中的90%都更会反抗、行动力更强。 但不得不说这部电影....还是太意料之中的“曹保平式”，是完全类型化的处理――不断地直白点题“论青春之死和世界之囚”，严丝合缝、精巧准确，尤其是跑去天文馆和发现真的爱因斯坦两场戏，完全把“编剧思维”放明面上，也就丧失了更多况味的可能。这种思路还是更适合去拍犯罪类型片。 个人认为其实被疯狂恶评的《宝贝儿》和这个水平相当，而且讲的也都是“不怕事”的女主对撞这个世界看似“为你好”的机制体系，结果留下伪装和伤疤。好奇为啥大家那么厌恶前者，又超喜欢《狗》呢？"
"力荐","2013-10-16","36","《十三颗泡桐》最好的国产青春，而且竟用学霸取代了不良少女，让好生差生一道展示叛逆又迟早要被驯服的荷尔蒙。树立成人世界反面形象的酒席戏，虽不能媲美杨德昌，但已经略有些《一一》的境界；而让李玩听话的那几场暴力戏，则能想到《归途列车》中的冲突爆发，能把对立到调和表现这么好，演员实在出色"
"推荐","2013-10-15","30","如履薄冰，本不是青春该有的姿态，却成了我们每个人都逃不掉的宿命。"
"较差","2018-04-03","37","每一个人长大之后就忘记自己小时候了，导演和编剧也一样，所以关于十三岁女孩的刻画细节严重缺失，节奏跳跃情绪过渡突兀，只有狗子演技在线。另外，在青春片里塞满说教和方言令人大倒胃口。油腻中年汉子说故事水平白烂之外剪辑也不好。唯选材和道具可圈可点。"
"很差","2018-12-08","43","你妈，豆瓣能不能有点节操。被无名之辈骗了就算了。一部13年的片子还要故技重施，恶不恶心。"
"较差","2018-03-05","38","剪辑是灾难。"
"还行","2018-11-30","33","可能每个人的青春成长过程中，都面临各种“痛”。但这部电影里，对“痛”的呈现，过于表面，或者过于功能化，重男轻女、虚伪成人、人比拟成狗……我没法接受（这些符号化、标签化的呈现方式）。它加重了我的压抑，整个观影过程无比烦躁。"
"推荐","2018-12-08","19","【B】非常完整呈现了扭曲的中式教育观：畜牲式教育。只在乎儿女有没有吃饱，身体健不健康，在这方面，一点小伤能让所有人如临大敌。但个人欲求？心理健康？没人在乎，反正小孩子什么也不懂，像养狗那样哄骗打骂，最后他们也就“懂事”了。不过不是很喜欢曹保平的导演方法，与其说是叙事，不如说是把事件像一块块石头一样堆在一起，虽然激烈和骇人程度很高，但也因此欠缺了拢于一点的锋利力量"
"力荐","2018-05-04","28","十年来最好的华语片之一"
"推荐","2018-11-23","28","曹保平说，其实狗十三也是犯罪片，内在气质与犯罪片是一致的。虽是男导演，但对青春期少女的微妙内心把握非常准确。青春是一段很私密的经历，我不知道别人怎样，至少我觉得这是最感同身受的一部。我也想说：遗弃孩子的宠物，以及你的狐朋酒友在饭桌上请你的孩子吃这种宠物的肉，真的是犯罪。英文片名叫《爱因斯坦与爱因斯坦》，电影也分为前后两大块，随着狗狗被调包，少女的青春也在悄悄发生着变化。大人永远无法理解两只爱因斯坦有什么区别，也不会意识到换一个妈妈会有怎样不同。曹导说如果站在孩子角度看，父亲非常讨厌；但如果站在父亲角度看，她也是个非常讨厌的孩子。这就是中国家庭的原生矛盾，有什么办法呢？没有办法，无解题。影片有很多发散的细节，彼此呼应，最终又似乎连缀在一起。聂鑫去世都有四年了，可见这部电影真的是等待太久了。"
"力荐","2018-06-03","38","这里没有怀孕、堕胎、出走、死亡，就是一个女孩从童年到成年所发生的故事，却是我看过近年来最好的青春片。成长教育里的残酷青春，你我都能在其中看到自己年少的影子。“这些事以后还有很多”，成长本身就是一场不见血的屠杀！果静林和张雪迎都太棒了，特别是张雪迎，太灵了！"
"无评价","2014-02-26","21","喜欢这个妹子（国片里非常难得的女孩角色呀）各种共鸣。嗯，会大哭的。""以后这样的事儿还多着呢""。（也有拧巴的地儿吧，不过内核够硬，瑕不掩瑜）"
"力荐","2013-10-16","27","青春期的残酷在于发现自己不能以一挡百的孤立和绝望感，最后也得承认：妥协反而是一种比较麻木和无痛的方式。"
"较差","2018-08-12","26","磨磨唧唧的，一件事说好几遍，生怕有人看不明白。曹保平一贯小题大作，人人打着鸡血，浇着狗血，又哭又闹的，反不如《无因的反叛》里父亲一句简单的“你跟我年轻时候很像”来得绝望和震撼。 为了让观众把片名念成狗B，硬把女孩设定成13岁，但正常情况下十三岁参加不了省里的物理竞赛。为了切题，把结尾一场正规酒宴的压轴菜做成不上台面的狗肉，太牵强了。"
"力荐","2018-11-02","23","好像很久没打五星了 那狗十三我给五星 不是说它多完美 并不完美 但是我现在打分的原则是看亮点有多亮 黑点有多黑 很显然狗十三的温度 是让我特别舒服的 我作为观众 很感激这样的电影 这才是中国孩子的青春片不断绑架 不断扼杀 不断say goodbye"
"很差","2018-12-11","22","开场三十分钟就奠定了一星的基调。导演从一个完全错误的起点（寻狗）推导出了后续所有事件，让这个巨婴般的女主丧失了使我共情的可能。不要说成长中的妥协，真正妥协过来的人会对后面那些情节嗤之以鼻。大家都经历过，你还拿出来当个宝贝说，不是矫情是什么？倒是那些意淫得起飞的有可能没怎么妥协过。既然导演选择了批判的视角，麻烦挑一挑对象。青春中的妥协就好像鸡巴长大一样，是成长的充要条件。鸡巴长不大的才叫有病。女主住着一百平米的房子，操着四百平米的心，这不闹吗？片尾字幕更奇葩，借着在影院有话语权，居然加一句反对吃狗肉，着实恶心到我。"
"推荐","2018-11-16","28","电影开头就一直想赞美16岁的张雪迎，演技比现在21岁面瘫脸好太多了。 后来越看越想骂这帮狗比。 代入感太强了，原来你们也是这样成长过来的。原来都是被这帮狗比磨去了棱角，被打被骂被忽视，被强迫接受粗暴无礼的爱和道歉。他们嘴里只会说，你长大了就会懂你爸，你以后会明白的。 没错我现在懂了，也明白了。懂他们确确实实就是拿我们出气，明白他们确确实实就是重男轻女。二十年前就看透的真相，真是一丝一毫都没看漏眼呢！ “你见过真正的大人吗？” 妹有，都是狗比。一个比一个狗，还不如一条狗。"
"还行","2018-01-29","10","比《鸡蛋和石头》弱很多，但不失为一部佳作。"
"推荐","2018-11-27","23","立意和完成度俱佳，其实残酷的并非家庭本身（家庭其实给予了孩子较多的关注与爱），而是这个世界上的生存法则，本就是需要在失去一个又一个爱因斯坦的疼痛中成长，等到长大了，也就变成了父亲的样子。父女关系是一对蛮有趣的对照，肢体上的冲突与最后车上的哭泣形成了值得玩味的互文，归根到底还是以爱为名义的亲情捆绑。世界周而复始，蹒跚学步的孩子们满怀期望地迎向生活，殊不知在他们面前的是毁灭自我的炼狱。张雪迎和果静林都是值得关注的好演员。"
"推荐","2018-12-09","14","以爱的名义作恶的中国式成长就是一代又一代的压抑史，在遍体鳞伤后学会妥协、圆滑和似笑非笑的言不由衷，并最终沦陷于这没有出路的轮回中。失踪的爱因斯坦一号一直像个对平行宇宙中更好的自己的隐喻，到最后这一点希望也被击得粉碎。"
"还行","2018-11-26","20","全片有三分之一的时间不知道要表达什么，非常私人化的电影，因为没有环境音，没有社会化的场景，所以对人物失去兴趣之后基本都是无效输入，不是闷片不闷片的问题，而是这种东一榔头西一棒子的呈现方式让人烦躁，不是有五年的时间吗，为什么还是没有很好的组织，不舍得剪裁，不把几条支线处理的再好一点，剪辑和配乐也比较随意。曹保平是我非常喜欢的导演，非常失望。"
"还行","2013-11-15","28","开始看还有点感觉，从主人公第一次找狗就累了~没有那样的感情还要用那么长那么久的重复画面去强调，很多内容的表现都太单一不够立体！还想对编剧说，平常的面对你的荣誉~和所谓的成功~"
"推荐","2018-12-05","13","憋了五年，终在大荧幕相见。看完更觉得自己每天进行的是荼毒少年的教育实验，磨平棱角，再去机械化本充满灵魂的个体。那些老生常谈繁枝缛节，都是大人们口中的“为你好”。学会忍受圆滑事故，是迈向成人世界的必经路。罗攀摄影太棒，尤其是落叶归途画面，白水音乐用得有点满。不虚不假，对青春进行了最好的写照和反省。这场吃狗肉的成人礼，每天都在上演。"
"较差","2018-11-01","15","全场演技和镜头运动 my eye 剧本不错 中国式家庭吵架、教室罚站和酒桌饭局分分钟看到崩溃 但整体方向还是学生作品"
"较差","2018-08-23","22","（照顾过叛逆期的孩子后，看这片会有完全不同的感受。）刻奇的故事设计，过满的配乐，都是我不喜欢的点。"
"较差","2018-05-28","23","爸爸没哭之前我想给一星的，东一榔头西一棒，看出来曹最近是进步了不少"
"推荐","2018-01-26","19","典型中国式教育；李玩结尾与狗重逢，选择不与相认、独自在巷尾哭泣，宣告着成长，融入社会，与我们同流合污"
"还行","2018-12-07","10","两个小女孩的故事，可以和李霄峰的《少女哪吒》一起放映对比。风格上接近电视剧，甚至有点假，比如在咖啡馆放迪曲，忘我蹦迪，旁边人还假装淡定；手法不够凝练，太直白，后半段略好，为了突出生活化，搞得人物塑造太暧昧，共情力就不足了，总之就是青春痘小女孩成长不容易，善良的爷爷奶奶不容易，用心良苦爸爸和后妈不容易，被抢走男友的表姐也不容易，被狗咬的小弟弟不容易，宠物狗也不容易，最后就没有真正的“恶”和“恶人”了，只能怪大家的生活都不容易！？仔细想来，这种略带“作”的青春期叛逆，虽然有一点自我觉醒与内心坚持，但可能算无因的反叛，所以也只能无疾而终，和解大团圆。"
"推荐","2014-04-28","15","【北京大学生电影节资料馆展映】是豆蔻年华女孩的残酷青春成长片，也是一部家庭伦理剧。直接地展现孩子面对家庭成年人强权压迫之下的斗争与妥协。张力十足。缺点在于过于用音乐等元素煽动电影情绪。用力过猛，显得刻意，失去了导演一贯的冷酷风格。这一点导演自己也承认。三星半"
"力荐","2018-12-06","11","这部电影带给我内心的震憾均来自于真实，这种真实感，有的来自青春成长，有的来自家庭教育，也有的来自成人世界，这在国产青春片非常少见，国产电影中也不多见，所以，我愿意五星推荐。"
"推荐","2018-12-05","12","基本上是部恐怖片，一切来源于现实，这也就是其最恐怖的地方了。当教育变成了独裁，家庭变成了集中营，所有的亲情变成了打着爱你旗号的刀子，你的叛逆就是对于世界唯一却无声的控诉，而你的成长则是一场大型的凌迟处死，如果有一天，你发现自己成为了虚伪的大人，请憎恨这个世界。"
"较差","2018-02-04","13","一流电视剧导演"
"力荐","2018-05-23","23","秉承中庸平和之道，中国人总是不想办法解决问题，总想着和稀泥或是逃避，从根本上都以自我利益为中心。在受害者面前，唱黑脸唱白脸的人同样有罪。我们一下生都是有自我主见的，可总是被这个狗逼的社会强拉硬拽着做位合格的中国人（不是贬义）。本以为是个青春矫情电影，曹保平牛逼。"
"推荐","2018-11-26","10","C＋/ 一开始很难进入这个角色极端drama的故事，各种配乐煽情也明显时机不成熟。但是随情节推进，核心意象走向模糊，影片开始具备一种臆想色彩与现实的张力，撕裂的戏剧化表达反而捕捉到了中国家长制教育以及与之同构的官僚体系中遍布矛盾而又不断试图自我说服自我安慰的灰色部分。更深入的地方则在于通过少年与成年两个世界展现出了规训方式从粗放野蛮到温文尔雅异化于无形的过程。做到了这一点之后，很多非常直白的信息就实在是填得煞风景，表达欲进退失据，逾越了导演和编剧的掌控力。"
"很差","2018-12-11","22","一群矫情怪，还自以为是，小题大做"
"力荐","2018-12-09","16","好，真好！《再回首》一响起，顿时泪目了。青春期的事情，跟家人的，跟姐妹的，跟同学的，看起来都是小小的倒刺，一撕一条血痕。每一个演员都在状态里。"
"推荐","2018-11-26","19","最精彩的一场戏是爸爸打女儿。"
"力荐","2013-10-15","15","今年第二部华语五星。这么多年，终于出现了一部记录当下中国残酷青春的电影，还是那种连一点叛逆都找不到的残酷青春。是对所有人都满怀敌意，却还要讨好所有人的残酷青春。要微笑要道歉要把所有投来的鸡蛋当鲜花，这是我们一代人的成长轨迹。"
"较差","2018-12-05","21","中国孩子的青春片？额我不是中国孩子么，又一次被一句电影宣传口号代表了…昨晚看的点映，中途几次想走，结束时一脸尴尬，自身没有一点经历去带入剧情就算了，本来看电影就不一定都有经历去带入，可是演员的表演也完全没办法令我产生同情，这就很尴尬了…女主的普通话还能再诗朗诵腔一点，真的特别好呵呵。我身边父母离异的朋友也有，像她这么作的真不多…父母离婚就是原罪吗？就能让她觉得全世界就她最委屈？究竟是别人丝毫不考虑她的感受，还是她自我封闭自私自利自怨自艾？一直对她挺好养育她的奶奶因为去找夜不归宿的她走丢了，她爸生气地吼她去一起找，那一瞬间她不是着急奶奶会不会因为自己出事，反而一脸受他爸欺凌的表情？绿了一直挺关心她的姐姐那里，也很有意思啊，到底谁欠你啥了？对不起啊，我觉得不好看，所以狗十三，在我这，很狗13了…"
"力荐","2018-01-27","15","这狗13的成人社会！曹保平通过爱因斯坦与爱因斯坦准确地将孩子成长过程中遇到的“伪善”提炼了出来。这就是狗的现状，也是大部分青少年的现状，其实孩子什么都懂，有的时候简单点直给比弯弯绕好多了。张雪迎太好了，以后年轻一代里就粉她了。期待这部影片早日上映，曹保平加油。"
"推荐","2018-12-07","13","更像一部解析中国这个巨婴社会如何诞生的“社会恐怖片”。个体与家庭，家庭与社会，都还处于“自闭”，“共生”的婴儿阶段，大多数在争取“分离和个体化”的阶段败下阵来，停留在爱的名义下互相依赖又彼此剥削，一生都纠缠在相爱相杀的客体关系里。 人与人的感情，首先要有独立的个体，才有交相辉映的爱。而我们，我们的父辈，都没有在情感教育里获得这些，他们被教育成一颗螺丝钉、炒成了一大盘菜，首先消化别人，再来消化自己。一代又一代的原生家庭枷锁套在新的生命个体里，一代又一代，看似过着不一样的生活，潜移默化的情感模式竟然惊人地一致。 全片都笼罩在这种压抑的教化关系里，几乎没有人可以逃脱，除了那个被120“解救”出去的精神病人，一个已经把自己幻想成一只鸟的“边缘人”。听听片中父亲唱的歌吧，是时候反思了"
"推荐","2018-12-07","14","每一只爱因斯坦都是来自平行宇宙的隐喻，它们长相一样，有着相似却不尽相同的命运。而每个看完后感叹“太真实”的观众也都是不同平行宇宙中的李玩。孩子追求绝对真实，大人追求绝对务实，但这并不是个必然的转变。至少别人都在歌颂“真是好”的时候，她依然能结结巴巴说出自己所相信的宇宙真相。"
"推荐","2018-11-27","7","每一个独特的菱角都会被这个社会无情的磨平，最后只能把自己打扮成傻X，好好迎合这个虚伪的成人世界。这是一个女孩悲凉绝望的成人礼，恐怕也是多数人的。8.3"
"力荐","2018-11-25","11","谁都是这么过来的，深知中学生在家长学校的夹缝中如果缺失精神寄托会变态成什么样，但好像也没有这么变态啊。电影将一些“小事”通过浸入式的视听语言无限放大，最终营造出高压锅一样的家庭环境，恍惚有达伦・阿伦诺夫斯基的感觉。技术方面顺延导演上一部《李米的猜想》，比如对白、音效、音乐三者构成的声场帮助搭建活动空间，角色起争执一定会越轴，大量跳剪表示人物的焦灼等等。本片这些技术全面升级，影片可以称得上是一场飒爽无比的关于剪辑和打光的表演。最难得的是，在镜头语言、剧本全都齐备、高超的基础上，导演仍然放手让演员的表演去带动人物情感进展，使所有人物全都活起来。剧本对“外部特征相仿的情况下，个体是否可被替换”的探讨完全融入剧情，看似表现琐碎生活，其实颇哲学。精力之充沛，思考之深入，对生活理解之确切，均超过同期电影"
"力荐","2018-11-07","18","这不是青春的叛逆，是青春的不可逆。 狗十三名字取得已经很文明了，13像字母B，用粗话来回应大人的世界。 另外只有我一人觉得那男孩像孙艺洲（吕子乔）吗？！"
"还行","2018-11-30","10","新概念作文影像化？在曹保平的青春体系里，成人=假笑司令，小孩=叛逆早熟，想象力夭折的诗人，这种特性被提纯放大后，便拼贴成了影片有些矛盾的气质。它看似野心磅礴，意图将笔锋转入社会的幽深处，却又走不出自我说服的小天地，以致对本土成长命题的表达，最后还要靠那些明晃晃的隐喻来实现。爱因斯坦不是一条狗，也不是冷眼旁观的女孩，它是每一颗漂流在阒静宇宙中，不被倾听和理解的孤独星体。"
"力荐","2016-06-18","13","曹保平眼中的90后残酷青春，盛满二三线小镇少年最隐秘的成长记忆。剧本很生活，不像少女哪吒那么作。导演功力真深厚啊，一直以为他只能做类型片。张雪迎长得有点像徐娇，把小姑娘的心理起伏表现得恰到好处。非典型家庭，叛逆的少女，中国式教育。生活终会磨去我们的棱角，我们所能做的只有不要忘掉。"
"推荐","2018-12-07","9","1. 一个关于每一个普通人都无法幸免的社会规训的故事，冲不破网罗，便只能内化它，成为它的一部分。而虚无感也时而隐隐地透现出来。 2. 这亦是一出能引发我们深思如何教育孩子的戏剧，但我们不仅寻不见一个唯一的标准答案，而且常常处于动辄得咎的困境之中。 3. 一部各个技术环节都比较出色的电影。导演的镜头语言总能相得益彰地将人物的内心状况与处境外化，张雪迎的表演也很有说服力。 4. 唯一美中不足的是部分段落稍显夸张，与全片的写实主义风格有些割裂。（尽管符号与隐喻不少，但影片还是与象征主义保持了距离） 5. 最爱小孩子学溜冰的隐喻性场景及教室内忽然闯入蝙蝠的混乱时刻，而贯穿全片的李玩对天文与平行宇宙的兴趣也很有想法（[时间简史]pk“逝者如斯夫”，意味深长）。 （8.5/10）"
"推荐","2018-12-12","11","每一场叛逆背后都是委屈，没有哭不代表伤口不痛，养不教自生自灭更好：献给曾经孤僻的、忧郁的、不合群的我们。成长就是被驯服的过程..."
"力荐","2018-12-09","16","李玩的房间里贴的那张海报，也是我十三岁李玩的房间里贴的那张海报，也是我十三岁那年反复听过的专辑，当时也疯狂地热爱物理，家里的狗也被大人一怒之下送到了狗肉铺里…当这些情节一一被放映，即使现在已经变成了那种hypocritical的成年人，还是会在电影院里哭成傻逼。感谢这部电影，说出了很多在孤独青春里没有人听懂的话语。"
"推荐","2018-11-25","10","13岁的爱因斯坦，开始阅读后来影响他很深但他却一直批判着的康德。13岁的李玩，读着在爱因斯坦诞生日去世的霍金的《时间简史》。霍金说：“康德以后…哲学家几乎再无人问鼎科学。哲学与科学就此分道扬镳。”希望长大后的李玩，继续读着爱因斯坦读着霍金偶尔也读读康德，不再与自我分道扬镳。一直抬头仰望星空。"
"推荐","2018-06-24","6","中国式家庭教育，是把所有的棱角磨平。海报才是正确的标题，建议豆瓣改过来。"
"推荐","2018-12-02","12","一开始纳闷这片哪来这么高的口碑，多看一会就完全理解了。片子充满了奥威尔式的隐喻，不能过于具象的去解读。看似平常不动声色，实则暗流涌动。当每个人变成了别人想要的样子，却失去了自我失去了初心，这是成长成熟所必须付出的代价，这才是真正的残酷青春吧。@解放碑百丽宫"
"力荐","2018-11-30","14","别做个乖小孩， 也别选择堕落， 别轻易谈恋爱， 按照自己内心想要成为的方向去成长， 这是我对所有女孩子唯一的祝愿。"
"还行","2018-12-11","10","最能共情的是三场酒桌戏，是其他成长题材里从没有被认真对待的情节。别的情节还是工整了，深入度一般。很多议题这几年在网络上已经自我剖析很多次了，这次上映，围绕这部电影的网友评论依然远远比电影本身刺痛。"
"推荐","2018-11-07","10","青春版“卡拉是条狗”，通过一个动物，透出成长的烦恼，中国式家庭，以及我们成长中学不到的那些事。很典型也很揪心，因为大部分的我们，就是这样长大。两场酒席戏实在太精彩了，孩子分明是大人眼中的宠物，道貌岸然中的沉默，无法爆发。结尾开放性，摔倒的弟弟能否爬起来，代表着下一代的故事，其实可以更尖锐些，没办法，电影的求生欲，能上映就不错了！"
"推荐","2018-07-26","12","本片讲中国式教育，包括学校教育和家庭教育。 教育的本质，是教一个人成人。而中国教育，是教一个人听话。 不止如此，它还要逼你承认，这样的教育，就是好，就是好，就是好！因为无论大人做了什么，都是为你好。 更残忍的，这场教育的成人礼，是把那个死去的你端上来，当做祭品。"
"很差","2018-12-04","21","1 故事是好故事，拍成影像整个就十分做作。2 女主选角合适，一看就是神经质性格。3 配乐的处理非常非常失败，过度放大，并不能外化内心活动，只会让观众觉得吵到头疼；连带着配角们也个个得了狂躁症一样。4 多处细节编排得相当业余（失真）。比如开空调不先关门关窗；心里难受就敢跟堂姐的男人大半夜出去喝酒；男生当着女友的面误喝了女友堂妹的矿泉水，第一反应不是「对不起」而是「我不在意」；二婚生的儿子有必要等到三四岁（目测）才告诉女儿？5 爸爸和女儿的互动哪里像正常父女，一言一行都像是老男人和包养的年轻情妇。6 A drama queen tale."
"力荐","2018-12-08","7","真实得触目惊心又无可奈何，过来人都深有同感吧。得到好成绩的欣喜若狂，是为了得到长辈的夸赞和认同，青春叛逆的一次次反抗被一次次美其名曰“为你好”并伴随威逼恐吓甚至暴力压制，最后因为“懂事”地在酒桌上给父亲长脸获得“长大了”的认同，这不是在收音机里姜育恒《再回首》情境下流露的一句“你爸不是个好爸”就草草完事的，其中有多少的妥协、退让、隐藏，当率真的棱角被磨平，成为了自己讨厌的样子，适应了伪善，此为长大的一部分。"
"推荐","2018-12-07","9","成绩不错，看点不一样的书，觉得上学很无聊，恋爱很无聊，大人的事也很无聊。有点坚持的东西，他们觉得你很无聊。嗯你是不是也这样？"
"推荐","2018-12-02","7","12/2@天山 是十三年前我想讲的故事"
"力荐","2018-11-27","6","唤醒密集童年阴影，她并非不能理解成人社会，是不愿接受。过程太疼痛，又太使自己庸俗。一直希望李玩的角色更激烈顽固，可即使两条狗都可以叫爱因斯坦，它们仍属于中国这个饭桌。就该吞咽所有不合时宜的话，放弃那些大人不理解的行为。“怕爱因斯坦认出我扑过来”，结尾眼睛酸到睁不开。（锵锵声音一出，感慨万千"
"力荐","2018-11-30","8","封建家长+重男轻女+人情世故=狗13社会。我觉得《狗13》不止是青春片，把狗换成男朋友，这就是一出典型的封建包办婚姻悲剧。话说这片儿五年后能放出来，可能跟国家放开二胎有关系......"
"力荐","2018-12-05","10","妹子有点像我暗恋过的一个同学，因此看的过程里充满了保护欲。全家人给女主一起洗脑的样子太神来之笔了，父权的残忍、冷酷、懦弱、狡猾被刻画的淋漓尽致……而更精彩的则是学生用英语发表“自由中国”的演讲，在进入国家层面之前，巨婴在长大成人之前已经被父权微观调教过了无数次了！"
"推荐","2018-12-07","6","这就是大多数人的青春期吧，没有狗血的青春残酷物语，只有在苦涩、尴尬、无奈、妥协、隐忍中懵懂成长的记忆，承受着家长以“这是为了你好”为名的伤害，谁都可以来教你如何做一个好孩子，却没有人教他们如何做一个好长辈。尽管时过境迁之后早已可以淡然处之，但当面对这样唤起遥远共鸣的电影，还是会感到心底丝丝缕缕的痛楚，为了那些被遗忘的时光，被压抑的岁月，以及被扼杀的爱情……"
"力荐","2018-12-07","12","这片子我妈之前看了。今天我看完给她打了个电话：妈妈我是不是还挺懂事的？我妈沉默了好久然后说，你要理解父母的局限性。我说，我知道的呀，所以你看我没有不理解你们。但你们不能躲在这个“局限性”里不出来哦。我妈又不说话好长时间，过了一会儿才说“对呀”。"
"还行","2018-12-08","8","父母皆祸害小组控诉贴合辑"
"还行","2018-12-01","11","我来泼个冷水吧，也许是期待很高，前边看的过程中一直很失望，直到最后20分钟挽救了全片。整个前半部分虽然能看得出来导演努力表达什么，但是囿于剧本中的种种逻辑缺陷，呈现在银幕上就显得粗砺和生硬，始终看得我十分抽离和别扭。最明显的例子就是大半夜小女孩非要在小区里挨家挨户吆喝着找狗，一下子就让这个本该是让所有人都有“诶这就是我/我小时候就这样”的代入感的角色瞬间弱化成为可以被指摘的对象，整个电影的力度也因为类似的情节而弱化了。经过漫长的铺垫之后，最后的结局处理可以说是极度残酷的，也是我喜欢的，我相信也是几乎所有中国人都可以有共情的。也让我们反思，这种几乎所有人都经历过的成长――或者说“懂事”――代价到底是什么。"
"推荐","2016-06-18","14","2016.6.18 中国电影资料馆。“一想到成为父母居然不需要经过考试，就觉得实在是太可怕了”。"
"推荐","2018-12-14","6","把社会现实浓缩于重男轻女的父权制社会里。从少女视角看虚假伪善的成人世界，并展现一种微妙复杂的被驯化的过程，是成长电影里的上乘之作。但前半段（直到狗丢失）的节奏不太对。"
"推荐","2018-12-07","11","中国家长的恐怖统治，用愧疚感控制孩子――“你爷腿都坏了，你奶多少年没有出过门了，为了你这条狗” （或者“挣钱多不容易，不要乱花钱，咱家没多少钱，摔门给谁看呢，甩脸色给谁看的”）用愧疚感教育孩子的，都是坏家长，不合格的家长。 “啥谎言？哄哇呢么！”以愚弄的态度对待孩子 有毒的家庭文化环境，和许多错误的观念。 有个问题，原生家庭，大面积的心理挫伤 狗就是中国孩子的隐喻，高兴就买来。不高兴就送到狗肉店 吞下的狗肉是讨好型人格的养成 你没有共鸣，说明你有多幸运。 狗十三，是狗13，是狗B一样的青春。"
"还行","2018-12-04","12","人家是残酷青春电影，这部是矫情青春电影"
"推荐","2018-11-25","12","相信大多数人都会感同身受。身为孩子，被忽视，被敷衍，被支配，就是没人在乎你的选择和感受。"
"推荐","2018-12-05","7","我们都是这样长大的，从一只狗到另外一只狗，从反抗到妥协。"
"还行","2018-12-08","7","这个剧本处处存在生硬的转折，就是为了把预先设计的主题讲出了。每个让人印象深刻的情节都带着计算。商业片一般地营造冲突，去讲这样一个深刻主题，到底显得有点割裂。曹保平是不是一个好导演？我保持怀疑。"
"力荐","2018-11-02","6","谢谢曹保平，谢谢锵锵三人行。"
"还行","2018-11-26","8","把细枝末节再去掉一些，节奏再快一些，就值得四星了。"
"力荐","2018-01-28","8","这是一部野心很大的作品，很多细节，三线城市青春期的所有问题和情绪基本都揉进来了。感谢曹保平，感谢焦华静，感谢白水。长大了的李玩，希望你已经远离了家乡，过得很好。"
"较差","2018-12-10","7","虚高虚高的分，顶多7分给抬到8点多分，且这个镜头和画面布局看得眼睛痛，张雪迎演得跟考试一样，导演根本不会好好说话吧，求别把观众当傻子，观众并不是看不懂你在说什么。"
"推荐","2018-12-09","11","这部电影讲了一个人的社会性是如何逐渐开启的故事，教育是使人力资源变成人力资本的工具，教育本身是为了消除人的多样性，然后变成统一的、标准化的人力资本。而让我们感到难过的是，一方面失去了自身的多样性，另一方面这样的人力资本也没有让我们自己获利。"
"推荐","2018-12-07","6","今年看了两部女孩视角下极为优秀的coming-of-age电影（除了这部还有《八年级》），但考虑到本片成片已是五年前，所以完成度和话题的感染力还要更胜前者。李玩的故事是残酷的：因为青春里每一次看似无害的和解，都是年岁中一次痛苦的刻骨铭心。而正是这样在成长中付出的代价，才会唤醒最起始的恐惧和悲伤。所以真实得让人害怕，甚至不想重温。PS 张雪迎的演出十分动人，只可惜没有电影后续太可惜了--差一点就给关晓彤、杨紫等等提鞋了。。"
"还行","2018-03-08","4","有些很尖锐的地方，但更多是刻意煽情催泪，和不真实。不知道你们家人平时是不是这么说话的，反正我家人不是这么说话的。只有发生冲突的时候那感觉才是对的。更别提那突如其来的奇怪音效和配乐。。。。。扯到政治上那更是瞎扯淡了，讲好一个故事就好了"
"推荐","2018-01-29","9","三星半。视听相对简陋，但是故事和意蕴非常阴暗残忍，有别于甜腻青春片。对中国式教育和爱暴力的一次冷眼审视。无数孩子就在谎言和伪善编织的威权教育中成人，又变成下一个施暴者。当少女成年，其对宇宙的想象，对他人的共情，对物种的爱心，也都死了。"
"还行","2014-06-01","7","射向一个时代的好多支箭，关于男权统治下不同身份的女性地位和女性成长。但却是一个同化和轮回的悲剧。李玩到底有没有被父母辈的思维同化，不得而知，但部分的觉醒还是有的，可以肯定是弟弟身上是一个更大的悲剧。关于继母和父亲之间的关系本质也是男权和女权的问题，但放在这个主题里面却有点格格不入，对中国男性形象和继母形象的刻画很有“代表性”。一些小细节：被抓到精神病院的楼上鹰叫男子，无法适应这个社会规则的人都被视为异类。李玩一直好奇真正的大人，却对科学和物理深感兴趣，父亲车里的两场戏还有两场大型饭桌戏是四场对成人世界的浮世绘，李玩在几场戏中穿梭，她的微笑和失落、妥协和妥协意味着什么，只有等她长大了回头去看，或者去平行宇宙去看，才能看到另一个自己的结局。"
"推荐","2018-11-25","5","长大如果是流几滴泪、吵几句嘴之后的满堂和乐就好了，它却往往是撕扯得血肉模糊的毕生伤痛，教人永远都放不下记恨去原谅、也学不会感恩去予爱。自责又自怜。"
"力荐","2018-11-27","7","前面的争执很不舒服，想想自己的青春期也是那差不多的就理解了。养狗丢狗只是一个引子，为了后面的精彩做铺垫和对比，一个一个局，一个一个场合，慢慢成熟，感受成人世界的无奈，人生和成长，仿佛一次又一次逢场作戏。看小偷家族和四个春天我都哭了，只有狗十三我忍住了没哭，但是感觉更伤心。"
"推荐","2018-11-30","4","真他妈狗13啊。看这电影，像被囚在一个软绵绵的笼子里，发不出声响，所有声响都被人吃掉了。那些爱和理解、乖和懂事，成了最毒的药，蚀得五内俱焚，表皮却一丝伤疤都没有。狗肉摆在李玩面前，我还想敢不敢让她吃下去，结果还真是动了筷子，在此时，那个被成长挟持的世界，连最后半根肋骨也给断碎了。上两代的表演很筋道，尤其是果靖霖，无数次变脸后，突然在车上哭皱了面皮，当真掐灭了成人的最后一豆希冀。唉，要是曹保平没有拍出《烈日灼心》和《追凶者也》，他该是我多么喜爱的导演啊。遗憾的是，姐妹“抢”男人的戏有些废。四星半。"
"较差","2018-12-15","8","太做作了了，导演真的能克制一点吗。微博大v通篇收钱无脑吹。“什么你看不懂，那你是幸福的。”别搞这种绑架， 比如打小孩这个，我们小时候都经历过。很多小事夸张放大，故意做惨。但你们有没有注意到，那个小女孩疯狂找狗的时候，真的就是欠打。打一顿真的就是tmd的不作了，跟她好好说话讲道理听不进去。 5年前的灾难片，现在还拿出来赚钱，难怪很多影院都直接不排片了。 别吹了，中国教育是有问题，片中的这样例子肯定有，但是是极少数。 别以偏概全，大部分没有扭曲到这种程度。"
"推荐","2018-08-13","2","⒈有些病症患上了就难以痊愈，比如我的强迫症和数字控，（7.17→8.13）于是乎就这么拖到13日才观看《狗13》；⒉“这样的事以后还多着呢？”有些成长就是无奈地向世界妥协，以便长大成人后能够更适应这个复杂的社会；⒊墙上艾薇儿<Under My Skin>专辑海报、房间里外放涅<Breed>、车上播放姜育恒的《再回首》……"
"较差","2018-12-04","11","怎么说呢，这种说着我都是对你好且总是用谎言“哄”孩子不重承诺双重标准的父母、卖弄诗句的酒局、继母那种女性、甚至防护栏的样式都是很眼熟的。但是我这种不爱看种田文的觉得这部电影实在很无聊。唯一触动我的只有一句“这样的事儿还多着呢”，然而这句话真不像那个男生会说的，那个男色的角色也很不丰满，是纯工具性的。奶奶十几年没出过家门的设定也很强行。还有一个大bug是影片刚开始，女主即将初三，弟弟刚出生。后半女主还没高中，弟弟都能说会走个头甚至足以学滑冰了。此外，《老爸102岁》只是出现了马车都在片头写没有动物在拍摄时受到伤害，而这部出现打狗镜头的电影只是在最后说不赞成虐待狗……"
"还行","2018-12-02","5","我不能客观看待这部片的好坏，我只觉得终于有部片道出了我青春期的强烈痛苦。从丢狗开始痛哭流涕不能自抑。我有极其心爱之物被家人合谋拿走骗我说是我丢了的经历，后来他们买了无数类似的东西想补偿，没有用，我不能原谅他们。而承诺不兑现的情况则更频繁。剧烈的恨意和李玩一样，无处可去就隐藏起来，要伴随一辈子。也许敏感的人就不配活着，但我就是死也不会和你们这些狗逼家长和解的"
"较差","2018-12-22","4","还以为多大事呢，原来只是屁大的事。看来大家都在借他人酒杯，浇自己胸中块垒。不过借的酒杯这般小，可见胸中块垒也不大。――补充几句：最近看的几部电影都跟家庭问题有关，在狗十三里，李玩要去看的天文展上显示的时间是2006年，她13岁，说明她生于1993年。对于我这个70后来说，跟90后的成长经历已经不太能产生共鸣。在我那个年代，父母不会对子女这么惯着：要啥就给啥，生了弟弟不敢跟李玩说，还有父母会向子女道歉，这怎么可能。倒是大象席地而坐里的家庭，更接近于我对家庭的认识，父母会把在社会上，工作上的一切不顺，转嫁到子女身上，父母对子女的谩骂、讽刺、挖苦是常态。所以我给狗十三差评，是真的觉得太小题大做了。"
"很差","2018-12-10","9","太矫情，谁的成长不是伤痕累累，要不怎么承受社会的黑暗。有个疼爱自己的爷爷奶奶，有疼爱自己的爸爸，堂姐。甚至连后妈有了孩子几年才敢带来。已经够幸福了。难不成我们都要长成傻白甜。"
"推荐","2018-11-25","9","瑕疵和《芳华》类似，前半部分分明已经恨不得把一切丑恶和伪善批判得体无完肤，后半段的半和解状态却又把这力量消解在了所谓成长必经之伤痛中，这两种态度是不应该调和的，做成后者如《米花之味》需要很强的尺度把控能力，而走批判到底的路子则需要更大的勇气。但不得不说，父亲家暴女儿一段和《监护风云》中父亲对儿子的暴力戏份，是今年唯二两部完美复刻我自己遭受父亲暴力的经历、唤醒我最直接的感同身受的桥段。"
"力荐","2014-05-01","5","师妹编剧的片子，那一年，我在写《我终于可以不再爱你了》，她在我家沙发上写这个剧本，偶尔聊一下戏，全是回忆。"
"较差","2018-12-05","10","我应该很多年没看一部片子被烦到中途弃场了，拍的也太矫情了吧？当观众是傻子还是什么？有谁会蠢到拿一只新狗说是之前养的，为了戏剧冲突也不能这么瞎扯啊。开头本来还行，后面越编越假，刻意煽情，表演做作，这分数怎么会这么高？！"
"很差","2018-11-05","7","胡辣汤？"
"推荐","2018-11-26","4","说成长也许并不全面，每个人的人生中也许都会面临李玩这种时刻，说到底其实是贾宝玉的困境，当你对这个世界上的一切都充满热情时，周围人都睁眼说瞎话，王夫人坚持宝钗就是黛玉，这里面所有人都坚持爱因斯坦是真的。好像要越过这个阶段只能靠“无情”，但我很惊讶和佩服的是，主创选择的是包容和理解，而非麻木，毕竟所有人都生活在这个困顿的现实之中。"
"较差","2016-07-01","8","曹保平近年产量很高，所以只管拍不带脑子吗？本片跟这几年国产青春片最大的区别，是电视剧跟MTV的区别。剧本的学生气比较重，有年轻的灵气和洞察，也有年轻的短板。比如戏剧处理的分寸欠妥，对剧情的整体把握失控。层次感很差，加上导演极其偷懒，片子冗长拖沓。难得的是，少年文学化的细节。"
"还行","2017-04-13","8","父母任何一方的缺失，都会对孩子的成长造成影响！"
"推荐","2018-01-27","7","长大就是接受成人社会虚伪法则的过程，防护栏中的少女在父权笼罩下认识到这件事，是从心碎到心死的过程，这伤口，撕破了难看，不撕破难受，很残酷，但这就是现实。"
"力荐","2018-04-29","8","这片很好看呀，之前竟然没发现，还是b站看到个up主解说后找出来看的，我觉得这才是我们的青春，应试教育，中国式家长，重男轻女，女主成长了，对这个社会妥协了，也戴着面具活着了，大人真是个沉重而复杂的词，张雪迎挺不错的"
"推荐","2018-11-21","8","原来所谓的懂事，是要逆来顺受的接受成人法则，开始一种表演型人格，成为被塑造出的模版，这片土地上遍地都是这样的果实。不残酷但是残忍，如此成长下去的我们，要经历无数次的抗衡才逐渐把自己的单纯快乐分离出去。曾经的自己就像走失的那只爱因斯坦一样，即使有天在人生中偶遇，也只能假装不认识的阔别。我太想哭了，太难过了。"
"较差","2018-12-11","11","无聊。 改名叫年轻的动物保护主义者成长录 或者 家族亲戚蠢逼实录 再或者叫刻板人物群像 找狗不叫名字叫汪汪？你要是丢了鹦鹉你还能嘤嘤嘤？ 人物细节不够，行为就显得虚假 一场戏里情节量太少，时间还特长，想快进理所当然。 有这样敢作敢当，还能承认错误的爸你还折腾个啥？"
"较差","2018-12-06","8","名字已经说明一切，不敢相信会有这种家庭，衣食无忧，为了一条狗终日郁郁寡欢，生不如死，这么矫情的女孩还是不要活在这个世界为妙~"
"推荐","2017-03-26","4","独特的电影，独特的叙事角度，独特的批判与发泄，欣赏导演的风格，另辟蹊径，特立独行。"
"推荐","2018-11-28","3","所以这就是成熟导演和小年轻的区别了，回想起很多别的成长电影真的是不知所云。 有关青春的阵痛，成长的蜕变，经久不衰又极易引起共鸣，曹保平用了很多前后呼应的场景和道具，用来讲述一个女孩的成人礼，里面有李玩的，也有我们很多人成长经历的一部分。我们用一场接一场的凶杀案杀死我们想成为的人，渐渐变成自己不想成为的大人，更让人不忍的是，我发现自己更能理解实施爱暴力的大人们，电影里的每一个大人，都很难责备，都没有什么大错，因为那好像是每个人都很有可能会犯的错。 这部电影，只不过是告诉我，我是怎样从李玩成长为李玩的爸爸的，这样的事情，以后还会更多。"
"力荐","2018-12-05","6","四星半，影片内容的百分之八九十都极度真实，真实到令人发指的地步，太多的场景可以在自己身上找到曾经影子，可以引发巨大的共鸣，在银幕上放大了典型的中国式教育，以至于过于贴近生活，都不像一部电影。整部电影都在以一条宠物狗作为感情突破口，当感觉被周遭所隔离，狗成了李玩的全部感情依托，当狗被全家人唾弃，李玩成了狗的全部感情依托，李玩努力脱离了真实的自我，活成了狗的模样，还纷纷称赞。大家不都是吗，自始至终都在活成他人所期待的样子，就连酒席上不断阿谀奉承的李玩爸爸也是如此。电影的最后，我居然被一个不断失败，却哭着努力练滑冰的小孩催生出眼泪，这时候就明白了，成长是真的会痛的，努力活出别人所期待的样子真的会痛的。"
"推荐","2018-07-02","7","其实不是太尖锐，父亲的角色虽然有缺陷，但至少会跟孩子道歉，我所了解到的上一辈父亲的角色，都是就算知道自己不对，也死不认错的。面子工程害了很多中国人。"
"力荐","2018-12-05","7","影片许多场戏酷似我的童年实录...… 我的狗没有爱因斯坦可爱，它因为咬伤了邻居的家禽 直接被我爸一砍刀劈成两半。他本来没有机会杀它，因为它从不亲近我爸，而我“懂事”地听爸爸话把它拴回家。它冲着我摇尾巴点头。它被煮熟。看到那滩暗夜里浓稠的黑血，我站在原地发怵…"
"无评价","2018-06-01","6","找狗那段可以说很曹保平了，几乎《李米的猜想》翻版"
"无评价","2018-01-29","10","楼上鸟叫的真相， 初上冰场的慌张， 误入教室的蝙蝠， 吃下狗肉的那刻"
"力荐","2018-11-26","9","一开始爸爸说工作忙，让你懂事，把你丢在家里和爷爷奶奶在一起。给你一堆许诺却从不实现。等你到中学，他开始关心你的学习，虽然不知道你在哪个班，老师叫什么名字，但还是逼着你去上各种补习班补上你弱的那科。明明是大人犯的错，却责怪你不孝顺不体贴，第一次动手打你，打完你之后给颗糖吃却还是不承认自己的错误。你学会收起锋芒，学会在家人面前保持沉默和微笑，他开始带你在自己的同事、领导面前炫耀；夸耀着虽然我事业忙，离过婚，但我家庭就是和谐，女儿也被我教育的很好，学习好还听话，不信你让她给你敬个酒。你的自尊心就这样一次一次被践踏，你所重视的东西一次一次被轻视，你开始失去捍卫自己的力量，有的事情你不再去计较，也不再去争取。因为你知道再多的坚持，都抵不过身边的人一起撒谎的面孔，抵不过最亲的人从心底里的漠视。"
"力荐","2018-11-28","2","龙标2013第75号，心疼，这样的事以后还多着呢。"
"还行","2018-12-06","8","<U+0001F610><U+FE0F>第一次疯狂找狗那一段太突兀"
"很差","2018-12-13","7","0分滚粗，别再吹了！"
"推荐","2018-12-09","6","国学大师、儒商们真狗逼。"
"推荐","2018-02-05","5","面对成人世界的茫然无措，这才是无处安放的青春，这才是我的青春。所有成长的苦涩都得打碎牙齿肚里吞，而且是哑巴吃黄莲有苦说不出，最终我们进入了这狗13的成人世界。"
"还行","2018-11-30","5","一斤西凤狗，三两青春愁。"
"力荐","2018-01-29","5","成长是一场不见血的屠杀啊。近一年来最让我难受的观影过程，从中段开始如鲠在喉，太难受了。具有普遍意义的压抑的家庭环境，焦华静对家庭、成长的感受与拿捏太准太狠了，真实到不忍直视。果静林和张雪迎都太棒了，尤其是张雪迎，戴着牙套和额头上的痘痘，如同是从我身边生活里走进去的女孩子，太棒了。"
"力荐","2015-05-18","11","当能失的都失去了，你也就差不多长大了。"
"较差","2018-12-08","8","好看在哪？我对曹保平失望透顶。无论是刻意的剧情还是节奏错乱的拍摄手法还是一直呐喊的演技，还有恐怖片一样的配乐，都透着尴尬和做作。主题多好，我没看之前充满期待，可是这是什么，电影不能只是现实丑恶的堆砌，不能因为暴露了一点社会现实就觉得了不起。看了二十分钟就想走，对不起被我拉来看的张老师。"
"推荐","2018-01-27","7","着重展现了国人成长很难绕开的事件，果静林和张雪迎均有上佳发挥。并不觉得本片触及了老百姓最敏感的那根神经，比杨德昌最不激进的时候还要温柔。拍得很是用力，但难说是巧劲，不过看得出曹保平强大的现场把控能力，几乎没有留下笨拙的段落。怎么说呢，如果置身这样的家庭，理应具备更有力的反抗精神，我不得不为她感到惋惜。"
"力荐","2014-02-25","6","女主角聪明叛逆而不过分，有失控爆发出的情绪，也有冷静理智的时刻，不是小清新也没有刻意的特立独行，既普通又散发出灵性光芒。面对周围的改变，面对着各种如意或不如意的新变化，学会接受慢慢的调整适应然后生活下去。青春就这样让时光和变化雕琢（摧残）着我们，人生也不过是如此。"
"还行","2013-10-12","2","关于成长及棱角。细腻是很细腻，过直白。 后半部比较好"
"力荐","2018-11-26","5","观影过程中激起太多不好的回忆，以至于周围所有人笑得前仰后合的段落我一个人泣不成声。为什么成长一定要经历这么多让人忘不掉的痛楚？我用尽全力去抵抗的那个成人世界为什么依然穷追不舍？我不同意你们的看法，也不要成为你们这样的人。我宁愿永不成长，永不妥协。家庭教育在我看来可能是世界上最沉重的话题。"
"推荐","2018-12-05","9","弟弟生日的时候仿佛看到了童年的自己，热闹是你们的，而我孤独得像P上去的"
"推荐","2018-12-07","8","你要懂事，要体谅人，要让他们觉得愧疚。这是唯一的方法。"
"力荐","2016-08-11","5","曹导演虽然一副京剧演员的扮相，又总带这个不搭调的帽子，像是个没脑子的家伙。可实际上却是个有着深刻的观察独立的思想又不随大流的人。中年才开始步入电影行业，每部片子都在从不同方面解剖人性，生活化却不做作，像是走上了杨德昌的道路。祝新片追凶者大卖！"
"还行","2018-11-06","7","这才是更典型更普遍的中国式青春吧，每个人都是从整体的文化环境中慢慢爬起来。个别转折不太能理解，但整体看，编剧很好，写得非常细，把女性议题浅埋在日常生活中，比很多为女性而女性的电影高级。女主青涩又固执的状态也对，可惜一长大一接受教育就泯然众人了。"
"力荐","2018-12-04","6","你觉得影片中出现的情况都挺正常的，这个事本身就是令人不寒而栗的不正常。"
"较差","2018-12-16","7","莫名其妙的情感爆发，莫名其妙的歇斯底里，莫名其妙的自我抑郁，莫名其妙的深沉成熟，本片如此之烂，不明白你们为什么说好，所有的情节仿佛都是为了表达李玩很惨，但我全篇只看到这种惨，是她自己作出来。。。"
"力荐","2013-12-19","4","【先锋光芒・纪忆】西安姑娘焦华静的本科毕业剧本，将故事搬回故乡，但探讨的仍是中国式的成长教育母题。曹保平说，别去夸大一部电影的力量，它根本不能去改变什么，最多只能让观看的人去琢磨琢磨而已。愤怒滋生隐忍，猜想望向现实，女孩与曹保平都往前迈了一步。"
"推荐","2018-01-27","10","每看一次曹保平，都会心生疑窦:这特么是上次看的曹保平吗？而多变的他不变的是一直收着一颗见微知著，以小搏大的野心。 偶遇―厌恶―习惯―依恋―失去―成长，这套狗模式几乎贯穿于每一个人身上。于是，很多人终于成了自己当年讨厌的模样。而凤毛麟角活成自己喜欢模样的人只是多了一环：反抗！"
"推荐","2018-12-13","2","“你以为娃是个小狗呢？喂几口馍就能长大咧？”最可怕的是她的家庭明明对这个道理心知肚明，却根本不想去做任何改变。 长辈眼里看来孩子懂事了，其实孩子失去乐观了，长辈以为孩子听话了，其实却是孩子不敢为自己抗争了。你看起来她乖巧听话又懂事，是好好闺女，你就是不想去管她其实是不是抑郁恐惧又绝望，却又无法反抗"
"力荐","2018-12-07","4","年度十佳。"
"很差","2018-12-11","6","不是说电影不好，而且我作为一个极度怕狗加不喜欢狗的人get不到很多东西。 李玩的爷爷正在高高兴兴的给孙女买螃蟹的时候，狗自己跑掉了。爷爷并不是故意讲狗弄丢的，他也害怕自己的孙女不高兴，内心也很自责。可是李玩知道后，并没有对爷爷有任何的体谅，大晚上疯狂的找狗，无果，爷爷找她她不理，爷爷摔倒她不关心。 如果我是父母，我会觉得很难过，在她自己看来她的父母家人没有爱不懂得关心动物，可是她不也一样，对于爷爷的关心在哪里。说着众生平等，可是总是不经意的去伤人心。小动物没有思想，但是人有，小动物读不懂人的态度，但是人读的懂。 一个人关在房间里大声的放音乐，也不过是为了宣泄自己的不满，其实青春期的她跟长大之后的大人没有什么不同。 我们总是说成长，成长，很多性格上的东西并不是消失了，只是换个方式出现罢了"
"力荐","2018-11-26","3","每个人心中都曾有过自己的对待事物的优先级排序（价值观），直到慢慢的社会和家庭用主流的排序套住你。终于有一天，你看着自己并不想要的东西放在眼前，然后违心的欺骗自己说这就是我想要的；看着真正想要的东西放在眼前，却因为怕被人当面指责背后指点而不敢伸手。社会多元化、不稳定因素多一些又何妨呢？"
"推荐","2013-10-16","5","想 念 锵 锵 三 人 行 拌 饭 酱"
"还行","2018-12-09","4","不太喜欢这部电影，22岁以前可能会同情女主角，如今只会惊讶于自己曾经的幼稚和自私，长大是学会理解和包容的漫长过程，没有人能够永远长不大，没有人可以拥有长久被纵容的权利，长大并不意味着妥协，懂事不代表变得世故，熟悉社会规则却不对他人滥于施加才是成熟，人皆艰辛，我又哪根葱。一代代人都是如此成长，父母和父母的父母青春可能更为恶劣，情绪如同一种相互作用力，总会彼此影响，批判原生家庭和厌恶新生命没有多大意义，所能做的是学会尊重聆听和珍爱将来的子女，对于自己的父母投入更多的理解包容和感恩，和解是一种能力。"
"较差","2018-12-10","5","抱歉我没有任何的感情共鸣，只看到了编剧对生活的主观恶意和脆弱敏感自欺欺人的内心。"
"推荐","2018-12-17","9","从某种角度看，《狗13》并不是一部我们通常意义上的”好电影“，它只会受到特定群体的认可和褒奖，对于有过这样经历的人来说，理解它像喝水一样简单。可怕的是，就国内观众而言，几乎人人都能对李玩的故事产生共鸣，所有的盛赞都来自一个个在这样的环境中长大的孩子们。《狗13》依赖的不是剧本，而是一个正在发生的真实故事，是这片魔幻土地上的日常生活；《狗13》不仰仗画面美学，血淋淋的成长纪实更能让人感到震撼。"
"力荐","2018-11-24","5","虽说成年人的世界有伪善的特点，但影片中父辈的形象并不刻板，时不时还闪烁着人性的光辉。东方的传统道德对人的摧残，有时不是“辣手摧花”，而是以温柔的方式，那么，顾自己还是顾长辈？抗争还是妥协？李玩纠结于此，全片的核心矛盾也在于此。"
"推荐","2018-12-09","6","非常遗憾地通知你，你长大了"
"较差","2018-12-14","6","全片充满孩子般的抱怨，幼稚的隐喻，不懂得真正的人性也就不懂得什么是善良，不懂得感恩的人给予你再多的爱也是徒劳。影片所批判的人包括作者自己，一个不知道现实多么残酷的人，整天生活在童话故事里，受不了任何一点点伤害，其实你自己比起你所批判的人更不知道如何去爱。"
"推荐","2018-01-27","3","残酷酸楚的青春自裁，曹的导演一如既往的过时和电视化，但文本是真他娘的厉害！"
"无评价","2018-12-22","3","这死女仔真是每分钟要把我逼成家暴老爹啊，换我早一顿拳脚了。"
"力荐","2018-12-14","4","“碎女子”的自由灵魂摔得粉身碎骨，吞下狗肉那一刻，我的心也痛得揉成一团，在父女聊天那幕终于哭得决堤。“你见过真正的大人吗？”官员在山里怀想“一蓑烟雨任平生”，却在油腻中年饭局看不起《时间简史》这种娃娃读的书。热衷研究平行时空的李玩曾经有机会变做想要成为的人，但残酷命运太可怕，把灯一盏盏关掉，半点温柔也不给她。弟弟生日被一家人搁在旋转门外，演讲无人问津的宇宙议题，看不成梦想中的太空展览……终于再看到爱犬她却躲得远远，生怕狗狗发现她早已是行尸走肉。即使墙上寻狗启示还在，那一个灵动飞扬的李玩，早就不在了。爸爸是无奈的中国男人，会打孩子但也会用手捂住女儿眼睛，听《再回首》哭成泪人。鸟突然飞进教室，让李玩顿悟到生命意义，才会想要寻回那只冒充的假爱因斯坦。想要不做片尾扶不起来的阿斗，请你我她勇敢站出来。"
"推荐","2018-12-07","6","论如何奴化成一个中国人――冷漠、自私、伪善、献媚、忍耐――他们管这个叫长大了。"
"还行","2014-02-26","3","虽然到最后还是能理解这些闹心的事情，但是中间部分实在拍的相当无力，情节非常硬，情感模棱两可，不知所谓的转场。最后有无数个结尾点，好在还选在稍微好的一个。"
"推荐","2018-11-18","4","人在折腾中成长，喧闹一场，蜕变明朗，虽然有的时候会羡慕自己折腾阶段的激情，但谁又有勇气重新回到那份“不弄明白不罢休的执着中”。所以小玩说：“我好怕它真的是爱因斯坦，冲我跑过来。”"
"较差","2018-12-14","3","电影院有人哭了……我以为他们感冒了……"
"推荐","2018-12-10","4","前半部分理得一般，後半部分S著『团判意味增而力量u@。是情不自禁唱t歌的父H有趣味，被O嘟袒的人^m用嗔教化著下一代，所以@部虻阶钺犸@得特e^望和哀。奶奶和後等角色ty免榱∷茉斓锰^刻板印象。"
"推荐","2018-11-26","3","同F了大多抵年p人的童年 涂塘舜蠖抵父母的教育 年少r@世界的敏感 尖J因槭芙逃程度的不Φ 被未直┑慕庾x椤覆欢事」因楦改o法理解 o法理的「不懂事」D化成力量不Φ鹊摹鄣慕逃」 在逐u「懂事」的^程中 拔掉了尖J 拿掉了脆弱 中式的教育e 砣莶幌乱稽cc的弱和不懂事 青春不是只有萌拥母星 也不只是胎 原生家庭的教育Τ砷L的害 其更值得被探"
"很差","2018-12-12","5","5年以来我第一次看到一半离场"
"还行","2013-10-16","4","3.5，狗更像是只为构成故事而没有与传统家庭教育作比拟的意思，整体也缺乏设计或是显得局部设计突兀。只能说它是直白动人的"
"推荐","2018-12-02","3","一个精神病人某天突然领悟到自己身处一个大的精神病院为争取早日出院而积极配合治疗卖力表演但还是时不时演砸然后被加大药剂的病理记录"
"推荐","2018-11-15","4","1、年纪大了，觉得后劲十足的电影才算得上好电影，这部算是，五味杂陈情感复杂。2、国人的青春哪里像小说或剧中那么阳光灿烂、校花校草、爱恋与遗憾，更多的是成长的教育、驯化的选择、埋在心底的敏感和叛逆，多难得的电影，一个难能可贵的少女角色。3、电影中的成年人和少女，没有对错，没有霸凌或者虐待，父母家长都是认认真真拼尽全力的生活和给予爱，甚至还会哭着自省我不是个好父亲，但依然无法回避驯化趋同与最终的平庸。4、青春总会归队，我们也非被人迫害，而是选择好好活下去。5、回忆了下自己的青春，父母更霸权也更任性，我也更早地选择了戴上乖巧的面具，我以为我很早已经是个成年人了，但至今依然遗憾没有在叛逆的时候坚持一把。6、青春时候的那些“爱因斯坦”，都留在心底了，狗十三。"
"较差","2018-12-11","4","是那种因为剧作的缩水看得让人非常生气的电影。明明难得地碰触了大多国人成长中那么残酷的肌理，却在中途将它转向，要释疑成性别问题。而在后段不断堆叠戏剧性的同时，也将一个普适的困境过滤成了具体的个体困境。就如电影的确是把某种结痂揭开了，最后却只用透明胶带给粘上了。"
"较差","2018-12-09","4","实在是有失水准的作品<U+0001F922>剧本本身就不够有张力不够吸引人，叛逆青春题材本身就不是什么新鲜玩意，整个故事也显得平淡无奇还很做作。前半段女主生涩的演技让我看得很窒息，直到爷爷发火转折的那场戏才缓过来。说是现实主义题材又不够犀利，青春片的话感情线索又不够，找狗的执念象征着什么也不够清晰。服装道具太差了，06年的时代复原简直荒谬得像时空错乱。"
"力荐","2018-11-30","3","每一次成长都如同一场凶案。大人们面目可憎，孩子们逐渐坚硬。一个好问题：理解就可以消化伤害吗？《狗十三》一场伤痕累累的其乐融融，祝贺焦华静。"
"较差","2018-12-07","7","盛名之下，其实难副！上映之前《狗十三》几乎被塑造成屡遭磨难、数年不见天日的“佳作”了，再加上曹保平近几年多部作品积累的好口碑，想必影迷们对本片的期望值不低！结果毒舌君参加了首映观影之后发现，导演曹保平并没有hold住这部影片，叙事和情感均显散乱，一部“情感向”的影片也显得过于私人，很难跟观众达成“共情”。 虽然不难看出，影片试图在女孩-父亲-弟弟-狗狗等角色间营造出多层次的对应和映射关系，来展现青春期少女敏感心理所承载的迷茫、痛苦、委屈与愤懑的复杂情绪，以及少女的纯真心灵在成人世界影响下的异变。 但是，导演无论是在叙事梳理还是情感表达上，都比较混乱无着，大量生活化碎片的堆积并无强有力的叙事和情感线牵引，导致将近两个小时的片长显得比较难熬，也根本无法让人探知女主角的情绪背后到底是怎样的一个内心世界！"
"推荐","2018-12-07","4","很不错的青春片，关于成长，过于真实了。老一辈只管吃饱穿暖，不会关心小孩是否孤单。大人撒着一个又一个谎，去驯化那些有个性的孩子。被放弃的何止是狗，也有那些棱角。你怎么知道是孩子懂事？也许她是无奈妥协。"
"力荐","2018-01-28","7","一个小女孩，一条狗，还有堪称最真实的饭局经历，好久没看过这么棒的成长电影了，有种被编剧偷窥了人生的感觉。我们心中都有一条“爱因斯坦”，然后“长大”假装不认识它。"
"无评价","2014-02-26","3","资料馆多功能厅2014.2.26.1pm 李玩这个人物很出彩（大部分也从她的视点和感受出发），不想要狗、给狗命名、失狗、被迫认另一只狗、将名赋予另一只狗、再次失狗、与狗重逢而主动不认，这条框架线做的很出色。音乐泛滥且糟糕、点做的不够细、部分台词浮夸、人物变化有些跳、有些场景三观过于暧昧。"
"力荐","2018-03-17","2","所谓成长与成熟，在这个国度里被定义为：吃下那口狗肉。"
"力荐","2018-11-24","4","不是年度十佳，是个人十佳。李玩是我的共情体，残酷但温柔不似《十三颗泡桐》的冷和刺，但它是唯一能代表我的青春的电影，那它就是最好的。"
"较差","2018-12-11","4","从碎到碎，楞推着走，气都是断的。最好的解决办法，就是用《索尔之子》的拍法，焦点始终在女孩身上，其他人都是虚焦，这样观众更能感同身受。目前的好评胜在题材优秀，情节设计不错，90后观众会代替演员表演，代替导演安排。胶片摄影很赞，类似台湾电影《窗外》。手持比较多。两场：女孩卧室，用路灯做主光。巷子里，用蓝光打出法国意大利电影那种感觉。剪辑还是电影学院本科毕业作品的水平吧，转场全靠闪黑。"
"推荐","2016-09-22","3","一部电影谈了很多内容，三代人之间的爱与权威链条，家庭与社交圈的盘根错节，情窦初开时的理智与情感，理想的高大上与现实的俗不可耐，认清这一切，学会生存法则，都是成长的痛感。少女啊，13岁时冒傻气是一年的事，傻13却是一辈子的事。p.s. 没有动物受到伤害声明，好评。"
"推荐","2018-12-07","3","或许在某一个平行的宇宙里，真正的李玩已经不存在了。每一次伤害都足够消灭一个青春，留下的，不过是在灰烬中重启、升级的副本。用科幻的概念来解读这个喜欢物理的女生，反而比冰冷的现实更有期望。家人的“为你好“就如同粗糙的机械手，磨砺掉原石锋锐的棱角，变得”乖巧“、”懂事“了，也就不再需要爱因斯坦了。"
"推荐","2018-01-30","2","爆哭！焦华静的剧本太棒了！所有的人物角色都很立体，全是实打实的细节，非常电影化私人化以及中国特色。张雪迎前途无量。"
"推荐","2018-12-16","3","看哭，是不是从中能找到你我、是不是从中能能看到什么，其实所有人都在纠结、所有人都不知所措，我们盼着能闯出来、我们盼着人们能慢慢明白！"
"推荐","2018-12-11","4","这电影……过于写实了。无论是长辈的粗暴搪塞、青春的自以为独绝于世、酒席上的被迫社交与敬酒、还有那一句“你怎么不懂事”，每个中国孩子都可以在里面找到80%的对应，中国式青春，从来都是一种底色。"
"力荐","2018-12-10","3","#年度佳作#被掩埋的国片佳作。整体感觉生猛够狠，前半部分讲对控制的反叛，后半部分则是无奈的妥协，以单亲少女的视角，从找狗做切入点，层层剖析中国家庭乃至社会的一些隐秘问题，貌似和美的家里，虚伪的成人社会与年少纯真世界一次次正面交锋，几乎达到玉石俱焚的地步。功利社会与传统父权合谋之下，年轻的生命几乎逃无可逃。主创以西安这个最传统守旧的都城作舞台，更加深了荒诞感，而结尾所谓的懂事成熟那么惨白又无力，一点也不美好反而黑暗充满讽刺。而此种悖谬惨人的教导方式依然存在，并且势必在一代代身上发生，制造一批批成长受挫的受害者，救救孩子！曹保平的确是让人惊喜的导演，期待他的继续发力。"
"推荐","2018-03-27","1","长大成人还是长大成“狗”？"
"力荐","2018-11-13","2","影片全面且通透的展现了几乎每个中国孩子都必定经历过的残忍成长教育，事实证明这狗13的操蛋世界对谁都不会好一点。 女主李玩在影片结尾，成为了大人口中“长大了、懂事了”的乖巧女孩，丢掉了原来的那个自己，学会了如何在生活中忍让、妥协、接受，但我相信没有一个观众会为她感到高兴，我们不论沉默还是流泪，都不只是为了李玩，更是为了我们自己。 “你见过真正的大人吗？” 李玩在这个没头没脑的提问中看透了世界，没人在长大后还是自己原本的样子，每个人都是被迫成为了现在的自己。 总而言之，【狗13】这样的电影，每多几个“大人”看到，就能让多几个孩子在成长时痛的轻一些吧？"
"力荐","2016-07-30","2","感觉跟曹保平其他作品非常不同，没有犯罪和体制问题，关注教育问题和成长，似乎人就是不知道从什么时刻起就长大了。我也觉得这是曹保平感情最充沛的一部影片。"
"较差","2018-12-13","5","☆2.5，觉得张雪迎演技欠佳。觉得小女孩是被惯的不行。★――小仙女12月13日观后感"
"推荐","2018-12-02","3","用恐怖片的手法拍现实主义的青春。各种符号的运用明确、到位且互有对应，基本都有多重意义。爱因斯坦是曾经的自己，弟弟是未来的自己。既然“伪善”用单词点出来了，那么，父亲含泪道歉那段可以全用主观镜头呈现。酒店旋转门摇晃的时间可以长一些，配乐可以少一些。《狗13》意义在于，它既完整地展现了个体被规训的过程，同时又将批判指向以和为贵的人情社会，太多“大”的伪善与谎言淹没了“小”的人之为人的个性与判断。最大的悲剧是，它由所有人共同造就，而又无人可逃。"
"还行","2016-08-11","2","cook the dinner翻译成“擦地板”"
"还行","2018-12-20","3","爸爸的哭和弟弟的摔拓宽了所有。好几场戏是真喜欢，放眼全片是真不喜欢（那股故意小题大做的劲儿还是很有意思的）。晚上了五年还真就晚看了五年，13岁能看到多好，容易判断是片子的问题还是我的问题。"
"推荐","2016-08-11","2","拍的很有意思，特别真实，中国的人情社会，亲情关系。结尾过于温情脉脉，但又细思恐极，新一代人“成熟了”（妥协了），人情和虚伪继续。"
"力荐","2018-03-08","2","狂吠之犬在问你为何对他不好，被打折的棍棒赞美温顺的野兽"
"无评价","2018-12-08","1","片子本身拍得不算特别完美（以国产片标准是相当好了），个别地方还是略有刻意感，但平衡非常好，大多数角色都很好，没有简单粗暴的善恶对立，无论站在子女还是家长的立场应该都能找到惨烈的共鸣。。不知为啥这场有很多中老年观众，看小姑娘最后一次宴席的表现，后排一群老阿姨集体发出“懂事了”的赞叹声，大概算是弹幕与电影融为一体的绝佳案例了。。真反面角色大概就是生活吧，我看着这就是讲被生活强奸的过程中，是拼死决裂反抗还是调整姿势配合，哪条路可以少一点痛苦。。前者除了死没有出路，后者生活总还能源源不断拿出新花样来虐你直到死。。也许确实只有平行世界这种中二梦可以自我安慰了。。"
"还行","2018-12-04","3","这个切入口很锐利，用狗作为事件，暴露出成长过程中家庭关系的社会性，当真实被抽离后，谎言和权力勾结，扮演各就其位的太平，对女孩来说，最苦的甚至不是暴力的驯服，而是那种无孔不入的妥协。孩子还小，来都来了，大过年的，这些毒鸡汤就没有给人说不的权利。但作为电影，曹保平太急于求成了，转折也急，表意也急，冲突、动作、大台词太多，导致人物丧失了深度。看看嘉年华、黑处有什么、血观音甚至是宝贝儿，我真的觉得本片可以拍得更好。"
"力荐","2018-11-11","5","想给十颗星。通过曹保平的镜头，居然想把，15岁时经历的那些心碎，再回去体会一遍。把过去的自己剁成肉块，红烧了，笑着吃进去，呜咽只留给无人的巷角"
"推荐","2018-12-11","6","就像李玩额头上的青春痘，本来是青春里惯常的东西，却几乎在其他糖水青春片里看不到，这是是此片真实的地方吧，八五后能带入情感的地方很多，不管你青春期的时候有没有养狗，喜不喜欢物理，是不是单亲家庭。比如我高中的时候想学美术想学文科爸妈都不同意，虽然以离家出走的形式反抗但还是要向成人世界妥协变成懂事的人，最后李玩面对男同学求爱时所说出的“这样的事还会发生时”,我一下汗毛都竖起来了，就是某一天你突然变成了大人心中所谓懂事的人，但你记不起来你什么时候因为什么开始转变的，而有些话就是你通往成人世界护照本上的戳。"
"还行","2018-12-05","5","3.5 意图好，但执行有欠缺；不仅是李玩的青春片，也是每个人青春的浓缩――如何磨棱\角，意识到自己无足轻重，你研究时间简史也只能束缚于这个宇宙，你连学你感兴趣的都不允许，社会不需要个性，终于你不再“任性”，“适应能力强”了，符合社会对个体的所有的规范和要求，和所有人一样开始过上了合群而幸福、所谓成熟的狗日子；可如何“转变”比较含糊且不够合理，容易误解成被老爸打一顿就改变了，而这过程本该是影片极重要的部分；摄影、冲突设置等方面原意想必是让观众更为深入其中感同身受，实际效果却颇有些粗糙、匆忙之感，导致本该最高潮的吃狗肉虐心场景不足以震撼；剧本值得再推敲，对话值得更凝练些"
"推荐","2018-12-07","3","8.4 家庭典型的集合，部分场景太用力，过于戏剧化也对展示现实有所损害，归于成长消解了部分批判，却也带来了一种代代传递的悲剧感。有时希望自己能够不被情绪牵着走，时时警惕着煽情的“陷阱”，有时候又希望被漩涡卷入，回想自己的成长路程，有多少人不多多少少觉得是一场谋杀呢？"
"力荐","2018-11-25","4","很喜欢。夏天的时候忘了冬天有多冷，冬天的时候忘了夏天有多热，成大之后忘了自己曾经是只小野兽，没事儿，“以后这样的事儿还多着呢”。"
"推荐","2018-12-10","5","科学展是06年办的 你爸车窗贴着2011的车检单??? （酒席和开车那几幕很好看"
"推荐","2018-11-26","3","要听话 喝口酒 念句诗 吃狗肉 所谓“懂事懂事” 我们一回头 就这样复杂地长大了。最戳心的是爸爸打完李玩和她的谈话和在车里听再回首 中国式的家庭中国式父辈子女之间的爱有些做作的“真实”太压抑了 很羡慕李玩 她终于等到了一句道歉。如果当真有个平行世界可以补全残缺 这是李玩的梦想 也是我的。"
"推荐","2017-04-14","2","片子拍的真心不错，举重若轻，就是片名不太雅。"
"力荐","2018-05-03","3","等了四年才等到资源的电影，推荐给所有人看"
"很差","2018-11-11","6","这女的太任性，丢了个狗就闹翻天，家人还不是为了她好，搞得家人和她有仇一样，这熊孩子确实该打"
"推荐","2013-10-16","4","《狗13》多次“无意间”提到文革，让人无意联想起中国人从那时到这时的妥协过程。因为把人当傻子、善于推卸责任又喜欢强词夺理的教育方式不单出现在学校和中考女孩家里。电影从“新爱因斯坦”出现后，便开始了典型又刻意的套话假话的展示，很多地方直截了当，不过这也没什么，片名好像就是一句脏话啊。"
"推荐","2018-12-02","3","还是喜欢曹保平的，够狠，够现实。告诉你世界是怎么让你不会笑的，又是怎么让你不笑也不行而笑的……就是这样的一个普通家庭，外人甚至可能都看不出有什么变化，就这样沧海桑田了。怎么办呢？还是要过下去啊。怎么办呢？"
"无评价","2018-12-14","1","at 大融城"
"推荐","2013-10-16","5","毫无疑问是近年写青春期少女成长最好的一部。比黄建新《谁说我不在乎》、刘杰《青春派》更深刻、更细腻、更冷峻。写少女对成人秩序的困惑、质疑和反抗，以及成人世界中的谎言、伪善、陋习如何以爱的名义来扼杀少女的纯真和无邪。是国产片中罕见的以少女视角来表现不同代际人群思想和心灵冲突的佳作。"
"推荐","2018-12-04","1","青春成长记录片，成长就是学会妥协，成熟就是学会克制，一句谢谢胜过千万句抗争，一口狗肉咽下所有的苦涩。人就是这样生活下去的，很现实，也很无奈！"
"还行","2018-12-20","0","为了找宠物狗把爷爷推倒，爷爷受伤直接无法站立，李玩却在屋里大声开着摇滚乐，窗户上写满了狗的名字，什么叫不懂事的孩子，这个非常典型了"
"推荐","2015-06-05","4","其实原定的片名《爱因斯坦和爱因斯坦》更符合片子的原意，可惜审查没通过。看的时候奇怪导演怎么会对女孩的心思把握的这么细致，后来才知道原来编剧是个女孩。本片没有进行肤浅的批判，而是用女孩与狗的关系真实展示了一个中国家庭的横切面。曹保平是我未来十年最看好的华语电影导演之一。"
"力荐","2018-10-02","4","这可能是最好的华语青春片。所有做家长的都应该看一下。"
"力荐","2018-12-04","1","13年至今最优秀的华语电影原声，白水和Mc石头竟能出现在同一部电影里，也是够神奇的。"
"推荐","2018-12-04","2","李看那个玩 好像你啊"
"推荐","2016-09-03","2","整体退回到电视电影的质感有点可惜，电子配乐虽有个性，但阴暗气氛太明显，过早暴露了影片基调。但敢于揭露中国社会那诚信缺失，没有平等观念，总是心照不宣的集体编造谎言的“文化根源”的胆量很支持！导演也暗暗把这种没有原则不择手段的心理提高到了信仰冲突的层面上，呼唤着不再排斥个性的多元社会"
"较差","2018-12-07","6","看得非常无奈。可以说是学了表演之后的后遗症。女主角好多场戏演得实在太尴尬了，从最初那只爱因斯坦丢了那场戏开始，就让我不断出戏。。。很多词说出来跟读课文一样，情绪完全不对。很多激烈点的情绪就是生挤出来的，让人看得尴尬到想笑。从故事本身、剧本设计上面、镜头、配乐上面都算是不错了。虽然剧本上面也有一些让人觉得不真实的地方，但三分还是有的。现实总是比故事残酷多了。女主的戏真的没法看，一直没把我带进故事的情绪里。。。"
"推荐","2018-12-23","2","不被重视随意取的名字，强制涂改已填好的的志愿；寻狗被认作无理取闹，情绪化叛逆遭到毒打；酒桌文化浇息了去天文馆的热情，强咽狗肉宣告着彻底向成人世界妥协。青春的阵痛细细密密绵里藏针，成长的代价酸酸楚楚痛彻心扉，谁都不想成为“用一个谎言去圆另一个谎言的大人”，但又不可避免的被伪善的成人世界所吞噬。PS，个人认为任何父母向孩子隐瞒已育新孩的事实都是极其愚蠢的行为。"
"力荐","2018-11-30","3","终于知道“不被理解”这四个字会贯穿一生，我们也终究会向这个现实的只能活一次的世界妥协。无论是2岁正值牙牙学语的孩子，13岁转型年龄的叛逆少年， 40岁上有老下有小的中年男子，70岁柴米油盐操心子女的老人，还是两条本只是凭缘分而来的小狗…都不被理解。只是有一天，终于学会欣然接受和不期待改变。最感动的地方是，爸爸的哭泣，捂住的却是我的眼。影片最后，我明知道他是爱因斯坦，但他已经从我身边走远，一场背着人的哭泣，这是我离开无忧少年的纪念，足以。唉，其实成人的世界，也挺好的。"
"推荐","2018-12-13","3","总体来讲还是不错的，但是前半截小女孩太作，后半截又太惨，难免让人感觉有点假。但是，对于社会的规训、重男轻女的现象的展现都还不错，笔调虽然充满阴冷的臆想，但人物还算立体。最大的问题是开头的钢牙和结尾的钢刀其实并不对等，这种主题的窄化和降级，难道不是创作者本人的自我规训吗？"
"推荐","2018-11-04","11","炒鸡喜欢，某颜色家的粉丝让人想吐，自己想养号拿别人的作品恶意刷低分怎么会有!这种人别人辛辛苦苦拍的恶意刷低分还一副理所应当的样子让我作呕，好了这片子我炒鸡喜欢啊啊啊啊啊"
"较差","2018-12-15","4","不够好不够好，前半段没有任何戏剧张力的情况下可见真的不行。奇怪的父母，奇怪的氛围，特别的孩子成了最“奇怪”的人。讲得不够痛，不够有共情。明明是麻木，愚昧，缺位，怎么又变成谁都不容易呢？反思也不到位。这类电影还可以拍，不是隐隐约约，而是明明白白。"
"还行","2013-11-14","2","期望太高，实则还好。无论多倔强尖锐终究会被磨平，会变得妥协，会变得理解，变得不反驳变得不挣扎，所谓青春的代价。全片音乐多得令人发指，只要有情绪就有音乐，做得太过了。父亲打孩子那段还是很有感触很现实的。噗，全系忙活了那么久的金字奖，在最后的放映环节出了这么大的问题，唉饿死了嗷嗷嗷！"
"还行","2018-01-27","4","还算流畅，也不做作，剧情实在有些牵强"
"无评价","2018-12-08","3","虽然是2013年就已诞生的“新片”，但我还是决定把它放在今年的十佳备选里，能在大银幕看到是荣幸的。前两年的最佳青春片是《猴子》和《野马》，今年又终于有了这部《狗十三》，巧的是三部都是讲少女的青春。对少女心思的细腻表现不输《猴子》，家庭牢笼的主题又与《野马》相通，更重要的是《狗十三》诞生的年份更早，原来我们早就有能和世界各地最好青春片抗衡的作品。 没有常见的撒狗血或喂鸡汤，本片的表达是丰富的，不光是很多评论提到的所谓“成长的伤痛”，它还指向了更深层的原因，即家庭往往以爱之名扼杀个性，吃狗肉那场戏是标志主角终于被驯化的逆向弧光完成，在我看来这是一部恐怖片。弟弟的角色则表达了爱被夺取和侵占之感。全片都在强调主角与成人世界的隔阂，那句被重复两次的台词“以后会越来越多的”向我们提示了成长的艰难。"
"推荐","2018-11-30","3","哪一个人的长大不是一个恐怖故事，猛的回头心存侥幸自己逃过一劫。"
"还行","2018-11-25","1","虽然有些揪心，却是少有的关注教育的好片。去的路上正好听到一段播客，”教育<U+0001D404><U+0001D41D><U+0001D42E><U+0001D41C><U+0001D41A><U+0001D42D><U+0001D422><U+0001D428><U+0001D427> 区别于训练training 培养的是人格，而不是工具，通过教育培养社会责任与人文关怀，懂得区分事实和观点，学会批判与分析，让我们拥有审美和自律，好的教育应该赋予人自我教育的能力。” 总结的很好，电影表达也很深刻。"
"还行","2018-03-27","2","所谓成长本质上都是对现实更大程度的妥协，妥协的是人，坚持的是狗"
"推荐","2017-06-02","2","一切都早已不复存在，再强求也没用，但是，妥协也不该。"
"推荐","2018-12-09","2","我觉得我的青春期比这放羊多了，简直是无法无天"
"力荐","2018-12-14","1","请远离你的初心。"
"较差","2018-12-31","1","价值扭曲的真神经病家庭。。曹保平还是去拍凶杀吧"
"推荐","2018-01-28","1","能勾起许多痛苦的回忆。平静又跌宕起伏的成长着，撕碎又拼凑起来。以后这种事还多着呢。"
"推荐","2014-04-16","3","当你的感情只能和宠物交流，是不是应该抬起头看看身边人。成长的过程会有不公有误解有寻找有彷徨，可这些阵痛终会随着你的成长而开花结果，只是有些被了结有些被深化。当你被爸爸劝着酒又吃下无法下咽的狗肉时，身边人无法接受，你却安然无事，可这不是成长，真正的成长是对爸爸说男人哭吧不是罪。"
"推荐","2016-07-01","3","近年最好的国内青春片。配乐是白水，所以女主耳机里听的是腰的《紧张》，与家人吵架时放的Nirvana，都让人会心一笑@资料馆"
"推荐","2018-12-13","4","我们就是这样长大的，但是我们还是幸福的"
"力荐","2018-11-14","5","他不是一个好父亲，也不是一个坏父亲，他是个可怜人，是代表了千万父权社会下家庭里的男人的一个小小的缩影。如果打是爱的模式，那这样的爱不要也罢。狗可以买一条新的，孩子生了怕是悔也塞不回去。在生儿育女的社会模式里，似乎没有多少人想过负责。能赚钱就是负责了么。有吃有喝就是负责了么。如果养育里的爱是奢侈品，那么是不是可以先想一想，到底能不能承担乱消费的代价。 什么是区别对待？推了爷爷的“我”被爸爸暴打。打了奶奶的弟弟可以被爸爸哄。年纪是允许犯错的理由么。 喝酒买醉的“我”被爸爸砸了酒瓶，酒桌上的“我”被爸爸推出去敬酒。这就是要认清场合的成长么。 狗肉如同嚼蜡。懂事的代价就是要咽下所有的伤痛，藏起来所有的痛苦。 什么是懂事呢？霍，这样的事儿，以后还多着呢。 “你，见过真正的大人么”"
"很差","2018-12-19","4","所有被彩虹屁误导看完想骂娘的朋友，推荐阅读《长大成人的难处》。关于为人子女时，所经历和渴望被抚平的那些酸痛，所有为人父母之后的迷茫无措，渴望得到的指导， 这类我们误以为会在《狗十三》得到的共鸣和慰藉，你会在《长大成人的难处》里找到。"
"力荐","2013-10-16","3","看完之后觉得这部片子特别牛逼，很少有一部国产片能给我这种感觉，我在里面好像看见了我自己正踮起脚尖，无声无息地走进充满谎言的成人世界，心里暗暗地希望平行时空里的我，一定一定不要变成这个样子。（ps，映后见面，男主说这个角色，他不觉得他很恶心，他觉得他挺不容易的。我试图理解，很震撼。）"
"较差","2018-12-09","2","无聊得狠，全靠一条狗撩拨人。真他妈费劲"
"推荐","2018-12-15","3","片子太满了，但我哭到抽加一星。三年级家长心血来潮从乡下抱来小猫，养了两个月天天尿床有一天被我妈偷偷送人，放学回家就崩溃了。那天跟我一起玩的小姑娘陪着一起嚎，跟我妈说阿姨你知不知道这对xx打击也太大了！ 长大后我们绝交了。"
"还行","2013-11-15","2","刻意找了一个开放式结局的故事，想表达的东西很多，但什么都没点透……结尾的那个MV几乎让整个片子积蓄的劲儿全泄了……时间跨度交代的也不是很清楚，不过至少比大多数中国电影强一些"
"很差","2018-12-14","3","一次过盛的习得性无助养成，在一个成年人臆想的世界里过剩。开头一看到果靖林心头一颤，果然完蛋又给生生演成了聒噪的电视剧。剪辑和配乐更是无法容忍，台词已经满到溢出来，又生怕观众看不懂，用音乐在背后猛推情绪，这跟想要表达的霸权之昧有何区别？得到一致共鸣的扭曲的“懂事”之路，其实并不如此，令人悲悯的人生不可能从13岁才开始，恰恰相反，真正心中装着宇宙的孩子，在叛逆的年岁已经学会如何倔强地听话。而且悲惨的童年也并不能理所应当设定在离异、重男轻女的典型的五不好家庭。另外，酒驾也不处理一下吗？"
"推荐","2016-07-30","3","难得一遇的好片<U+22EF><U+22EF>类似的经历从童年走到现在我想说，你们打孩子发泄的时候别再说我是为你好长大你就明白。我现在长大了，就没认为你们的劣行对过，别tm再骗自己骗孩子了，你们要承认自己被社会一些恶劣体制所愚昧的事实"
"力荐","2018-11-11","2","太残忍了，而更残忍的是，这样残忍的成长，太普遍。 温柔的反义词，是无能。 （发现李玩听腰，十分惊喜） （看的时候总忍不住想，文淇妹妹应该可以演得更好。当然张雪迎演的很好，只是个人偏爱。）"
"力荐","2018-12-06","2","它有一万个可以崩掉的可能，最后在这个靠谱团队的把控下，不仅把故事讲好，却还刀刀切中要害，对于每个从这种环境和教育中走出来的人而言都太过于真实，甚至就是在讲观众自己。"
"力荐","2018-01-27","2","看得好郁闷。人最可怕的不是带着恨意的伤害，而且带着善意的伤害。女主角从开始的声嘶力竭，到最后的呆滞木讷，转变的突然，让人心疼。三次的“爱因斯坦”，一次的相伴，一次的怜悯，还有一次的放手。人总是需要长大，如果没办法抗拒，那么且慢一点好吗？"
"还行","2018-11-01","2","在多数人的意识里，教育是单向的，施与受界限分明，这就决定了永远也不会有一套方法令双方都满意。好的教育本质上是双方从零开始建立起一套全新的人际关系，任何两个人的关系都是因人而异的，这就给之外的人留下了广阔的点评空间，所以教育总能引起广泛的争论。还有一个原因是，大多数人都一半是家长一半是孩子。"
"较差","2018-12-04","5","完全读不懂的电影。 每一个人设，每一句台词，我脑子里都蹦出来“不对”两个字。与我对生活的认知相行甚远…… 留下我的疑惑： 1. 小女孩为什么那样吃面条？ 2. 吃着面条会想到去撩衣服，看有没有长肉？ 3. 小狗吵到小女孩睡觉为什么还要一次次的拉近？ 4. 找狗是那样找的吗？朝天喊名字？ 5. 继母带条假狗回来，强说是原来那条，用来建立继母的人设，表达女孩的有口难辩？ 6. 父亲在门口抓着女孩的手，砸向门，手背先贴门，酒瓶会那样碎了？ 7. 父亲打了她，躲进厕所，会想到要洗澡？？？ 8. 楼上那个学鸟叫，鹰叫的精神病什么寓意？ 9. 去了流浪狗之家，说狗死了，父亲在车上流泪了，什么情绪？ 10. 得了物理一等奖，庆祝完回家，父亲接到母亲的电话后，情绪起，大哭，是想表达以前的感情很深？"
"力荐","2018-03-27","1","不管是最初的爱因斯坦还是后来成为爱因斯坦的爱因斯坦，我都保护不好甚至拥有不了它。你把自认为好的强加于我，却不知道你也在逼我否定过去的自己与合群妥协。当过别人家的孩子也羡慕过别人家的孩子，发现唯独做自己是不会值得家长拿出去炫耀的。"
"力荐","2018-02-01","1","看孩子如何给成人讲道理。"
"推荐","2018-11-03","2","疼痛中成长的细微青春。"
"推荐","2018-03-28","1","刚好和我一个时代 但是故事很远 女主像徐娇"
"力荐","2018-12-08","3","片名应叫《狗B》。狗是一条线索，残酷的青春成长才是电影背后的现实。我曾经可以跟你讲述《时间简史》里的平行宇宙，幻想着摆脱命运的桎梏；我曾经可以为了小狗的走失，在深夜折尽嗓子汪汪的大叫；我曾经可以为了内心一直向往的天文展，在hypocritical的酒席里径自离开。然而，新狗代替老狗，不变的是狗的反抗，变的却是人在成长过程中逐渐向狗B世界的妥协和屈服。"
"力荐","2018-11-26","9","为什么会有人认为女孩综合来说是经历了一种很“残忍”的感受？我看到的更多是压抑现实下的温情。表姐在爱情和亲情中的自知和退避，一种爱。最后的弟弟牛奶过敏暗示了女主和弟弟血缘的纽带。单亲家庭的现实本身就会让人不得不承受委屈，但这之外，每一个人是真实立体而有苦衷的。每一个场景，人不得不曲意逢迎、在一个家庭为单位的小群体中因为爱和在乎而付出的、少女叛逆时期的个性与长久以来十分普遍的人与人之间不能理解的“不在场”。没有人是不希望打破厚障壁的。微妙人性给了摆在面前的现象之下一些涌动的牛奶般模糊而脆弱的暗语。少女提供了一个视角，而任何一个家庭成员的视角之下，痛苦的本质相似，人们却懂事而忍受着什么去撕碎自己并笑出来。"
"推荐","2018-12-06","2","王大根说是第一次出门找狗的时候会挨揍，那要是在我的家庭里第一次挨揍片头在学校就发生了。推啊搡啊摁脖子，随后就是一拳锤脊梁骨上，那还拍什么拍呢。文明城市才配有故事。"
"推荐","2018-02-01","2","一部看起来很疼的电影，非常生猛。所谓成长，不过是一个伪命题，过程注定孤独，注定满目疮痍，那些隐秘的委屈可能永远都不会有人理解，以主观镜头作为心理的现实投射，虚伪、欺诈、充满社会笑的成人世界，就是狗B"
"推荐","2016-09-22","1","78/100"
"力荐","2018-11-13","3","狗=十三 共鸣就是 我们和十三岁的Li Wan、爱因斯坦、新爱因斯坦一样慢慢被所谓的对我们的好磨平了棱角 “用说实话开头的句子一般都是谎话” 喜欢物理 奶奶给的牛奶 小背心 ... 每一个细节都是讽刺 家长做的那些关心的举动 只是为了自己安心罢了 中国式家庭 中国式教育 中国式压迫 中国式饭局 中国式成长 最终我们成长成了“伪善”的大人 成为了遇到爱因斯坦却不希望它认出自己 因为自己没有办法好好保护它的人"
"力荐","2018-12-07","3","别当大人 大人都是狗逼"
"较差","2018-12-17","6","充满新概念作文式的做作。 并非撕逼、堕胎、三角恋才狗血，日常中的刻奇惊悚也别是一种矫情：所谓共鸣仅限曹保平稳重处分下的生活细节，整个文学脚本却实在低劣愚蠢。 李玩与Einstein感情交代不足，寻狗一节强烈戏剧冲突就过犹不及的丝毫不能代入李玩视角，只觉她自私、冷漠、蛮横，没教养、不懂事还给脸不要脸――买来新狗后不依不饶，李堂缓和矛盾于是李玩明知她属意高放还和他不清不楚：何止hypocritical，简直绿茶婊；十几岁的人为寻狗偏执成狂含有故意的摔伤爷爷自始至终没见道歉反过来倒义正辞严和一个不小心打到奶奶的几岁小孩较上了劲：爷爷丢狗时心心念念是孙女爱吃螃蟹，弟弟弄狗时也没见及时制止、甚至不和父母说明――到狗咬人又一脸受害者的出现，根本心机婊本婊。 编剧如此顾影自怜已经恶意爆表，观众自认婊气大概真是受迫害妄想狂发作。"
"推荐","2018-11-28","2","“以其昭昭使人昭昭”之影，孩子“总得喜欢个谁”，大人“总得更喜欢个谁”。大人对待错误的态度，不知在平行宇宙是否不同：这个世界里，蝙蝠飞入教室而亡；平行宇宙中，鸟儿能否重获自由？全年级最高分的喜悦后，是格格不入的生日歌。酒与牛奶的交替，时间简史与论语的对照，“爱因斯坦”与“爱因斯坦”有何异同，人与狗又有何区别。全然不懂他人之心，他人亦不懂你之念。一路奔跑伴随一路灯灭，你不想发生的事情还多得很。伪善的单词重复不已，孩子的人生循环起止。成长的本真究竟何在？“再回首，恍然如梦。再回首，我心依旧。”"
"力荐","2018-12-12","3","哭到不行。要说多少次“算了”才能变成大人。没人记得你是个不喝牛奶的小孩。“以后这样的事儿还多着呢。”"
"无评价","2018-11-26","0","对平行世界的幻想，对自己所认定事物的坚持，对家人的任性和不懂事，对成人世界的向往与不解。爱恨分明，真实，不被理解的青春。"
"推荐","2017-03-30","2","重新看了一遍剧本，发现剧本要比成片好得多。中国最好的成长类的电影"
"推荐","2019-01-03","2","如何定义成熟？社会标准终究会压倒个体挣扎，在每个人头上扣上“标准答案”的帽子，不停质询强化对构建身份的顺从，就像明知道“我爱你”的标准答案从来就不是“我知道”，但最终都会屈服于多数人的镣铐，因为在每个社会、每个阶段，拒绝成熟的成年人都会被视为异类（学鸟叫的大人和学狗叫的孩子）；但本片还是做出勇敢的反成长抗争，小镇切口下真实感受到了切肤之痛和成长之殇，在这种环境（和大人的冠冕堂皇不断对抗又妥协）下的成长难避免会带有时间的阵痛与残缺，迎合恶趣味之后的伪善笑容，是不符合年龄的浮躁，“这种事以后会经常发生”。英文名多少有千与千寻的意味，狗与人，在被“谋杀”后交换得来新的身份，他们说这是成长必要的牺牲。"
"推荐","2018-12-11","2","堂堂是平行宇宙里另一个巧巧。活着，想对天开一枪。"
"很差","2018-12-13","2","看来对把青春成长拍成了农民起义还是颇有自觉的，半路居然唱出来了……视角流转从人到狗再到蝙蝠也是一景。"
"力荐","2018-12-08","3","我老家有句话，“七岁八岁惹人嫌，十三十四狗还嫌。”以前觉得曹保平的电影总是差口气，这回这口气提上来了。这是部真正的青春片：一个青春期少女面对社会生存法则不断退让，微笑，妥协，逐渐成为大人希望的“成长”的样子。退让得太真实，真实得让人心疼。家里人都爱你，但是他们并不了解你。总在大人的角度思考问题，永远走不进孩子的心。青春期的孩子，够傻够作够幼稚。但家长是否该用这种粗暴的方式让她“成长”呢？片尾与爱因斯坦的错过让我想起王小波的《猫》：《猫》里“我”的“成长”以猫献祭，而李玩的“成长”以狗献祭。演员都太好了，张雪迎，父亲，小弟弟，还有“爱因斯坦”。片名也好，脑补结尾的李玩怀想着爱因斯坦，悲哀地发现自己再也不能不“长大”，连自己的小弟弟都开始有人不再帮扶时，对这个世界恶狠狠地讲出一句脏话。狗B。"
"推荐","2018-02-03","1","（在中国）长大真残酷，硬把你的心磨成圆滑世故的铁石心肠，太难了……曹保平的电影始终有不合理的牵强的地方，但这部瑕不掩瑜了"
"无评价","2014-04-16","2","你用你的良心给那些狗逼玩意见识了永远吃不到的东西 当一个十三岁的女孩看时间简史听腰的音乐 有人就该觉得脸疼"
"较差","2018-12-13","6","很遗憾这样的题材制作出的电影并没有打动我。 电影节奏感太差，主演情绪太做作，诸如此类。 抑郁症患者最厌恶他人轻描淡写点评一句：“这算什么” 然而我身为抑郁症患者，我还是要说，这电源，这8.4分，究竟算什么？只因为它是国产电影，就被吹成这样? 烂片一部，不服憋着"
"力荐","2014-04-16","4","20分钟后开始渐入佳境，全程高能，涉及教育家庭的问题非常广而深刻。讽刺意味十足，单线叙事的极致。剧本相当高能，细思极恐。向曹保平导演致敬。"
"推荐","2018-12-28","0","喜欢，并没有普通疼痛青春作品的矫揉造作，异常真实。作为一个小时候同样被打的孩子，感觉很多事很多话都发生在自己身上过。格局小但却深刻，曹保平对此片的把控太棒了，张雪迎的表演也非常厉害。可有可无的感情线也没有完全落入俗套。"
"推荐","2014-02-26","2","这种真实性，切入点，已经很难得了。"
"推荐","2018-12-09","1","8分，驯化"
"推荐","2018-12-16","0","教育缺失下少女成长的真实写照。家庭不温，冷暖自知，很喜欢小女主的桀骜性格，小弟饭局上背的那句“养不教父之过”时机真对。"
"力荐","2018-11-25","2","四星半吧。这才是中国式青春，至少，是中国主流青少年的青春。成绩还不错的孩子青春尚且如此，其他的更加不堪一些。中国的家庭教育，是无解的。家长无知，自以为是，孩子们成长的路，只能靠自己摸索着走一步算一步。“以后这样的事情，还多着呢。”20181125传奇影城蓝色港湾店"
"还行","2018-03-27","1","所谓的长大其实就是妥协和认清现实吧"
"推荐","2018-11-27","2","透过李玩的视角观察中国的教育问题与环境，拿捏真实，力道准确，代入感强，细节写得妙，尽管我觉得在一些处理上仍有瑕疵。它是对你我都经历过的青春年代的一次盛大审判，然而回首起来依然是短暂期限内无法改变的困境，"
"力荐","2018-04-05","4","去他么成人世界，不见谁长大，无非是“变大”很牛叉吗？大人只会逃辩题，用自以为重要的事情分散注意力，给你一块糖叫你“乖乖的”，不如做个叫出“根本就不是甜的”的狗13"
"力荐","2018-09-30","1","不孝有三无后为大个屁"
"推荐","2018-12-14","2","我觉得酒桌上的那句矫情挺点题的：“读书越多越孤独”，人越长大越孤独，不仅是李玩，也包括她堂姐、父亲乃至爷爷奶奶，其实都活在自己的世界里。影片也因此取得了一种奇妙的平衡，避免了青春期的自恋和矫情。扮演爷爷奶奶都是好演员，可惜表演有点程式化了。结尾其实停在与爱因斯坦重逢的那段更好。这不是曹保平最好的电影，但肯定是他最平实的一部。"
"力荐","2018-12-07","2","真实灼目。以往只在夜深将睡之际想起一些片段，而本片将“长大”过程中的掌印抓痕血渍汇集成册，唤起幸存者深埋于心的梦魇。“以后这样的事还多着呢”，接受了这句话，终于可以好好地在这个世界上活下去了。"
"无评价","2018-04-09","0","非常西安！anbl说跟她家一模一样~ 小狗狗好可爱 少女的成长总是伤痛的> <"
"力荐","2018-12-04","7","希望所有人看完电影都不会产生共鸣，希望不要有人像我一样在电影院哭成傻子。"
"推荐","2018-08-20","4","大人还没长大孩子就老了"
"推荐","2018-12-09","2","进入成人世界的标准是学会妥协。如果说孩子是狗，家庭教育就是驯化。而其中野性过强的“异类”或是彻底游荡于主流社会之外，或是以一副拒人千里的冷态苟活。有趣的是，需要看这部影片的人恰恰不会来看，只有受害者们相互慰藉"
"推荐","2018-03-27","1","狗十三这个名字即粗鲁又直接。如果把一个灵动的生命，驯化成一具行走的躯壳那不是教育，那是一场谋杀，骂一句狗B不过分。"
"力荐","2018-11-25","0","中国式教育，难得难得"
"推荐","2018-12-05","2","李玩这个小姑娘，和爱因斯坦的命运也没什么区别。狗我让你养你就得养，让你扔你就得扔。我说它是爱因斯坦它就是爱因斯坦。让你喝酒你就得喝，让你吃狗肉你就得吃狗肉！但是我觉得这个电影最怂的就是结尾处“本片不支持虐待动物和吃狗肉”但是没写“不支持未成年饮酒”"
"力荐","2018-11-30","0","各种地方都不完美的曹保平可能才是最好的他，各种地方都不完美的电影可能才是最好的电影，爸打你，是因为爸爱你，子女与父母互相消磨，磨到大人痛哭，孩子成为大人。2018的十佳。"
"力荐","2018-11-09","2","李玩没有认领丢失的“爱因斯坦”一处最妙：1、狗代替女孩逃离家庭的束缚与枷锁；2、成长代表敢于舍弃自己喜欢的事物；3、人生某一阶段的缺失，换任何时间都无法弥补。"
"推荐","2018-11-28","2","中国式家长，中国式青春，中国式叛逆与妥协。绝对是近年最好的青春片了。公映时必定二刷！"
"推荐","2018-12-04","3","青春的真相便是不断失去，失去那些你视若珍宝而别人却弃如敝履的一切，正是因为尝到了失去的滋味所以人才会懂得如何保护自己，然后找到自我的安全区不再让他人伤害我们，也许这是我们根本不喜欢的样子，不知道这算不算坏事，但人就是在不断碰触那些由不得我们选择的一切的同时获得了对真实的世界的认知，如果人生的真相也是不断失去，那我希望自己珍视的东西消失的慢一点再慢一点，好让我不那么快地显得一无所有。"
"还行","2018-12-08","3","张雪迎有点尬啊…"
"还行","2018-11-01","2","五年前的影资源遍地时根本没人看这说下个月终于『公映』了，也开始汁源“封禁”了起来，可能国产片的风头也开始『叫好叫座』了吧？！"
"推荐","2018-12-05","1","在暴力和责骂的外力下，在一次次过度的愤怒与悲伤的催化下，孩子终于长成了父母眼里乖巧的懂事模样。吃狗肉、担心爱因斯坦认出她然后在巷子口一个人哭泣、不再据理力争只有哭着乞求…一幕幕都如此令人心疼、惋惜…"
"推荐","2018-12-02","2","看的多次泪流满面，一个少女的残酷成长，面对隔代传统父权体制下的社会，信息错位，社会环境跟传统会有巨大的惯性和力量，会让人容易存活，会压迫人，会吃人。李玩身上有我们太多人的影子，眉头上的青春痘显得那样的真实，她想要维护自己内心的秩序，最后她遵从了社会的秩序。 有人说电影是要表达愤怒，我看到的是现实。也许再过一两代人，会变得更好。"
"力荐","2015-08-26","1","狗是狼驯化而来的，“长大”也是一个少女被“驯化”的过程，真正的青春残酷物语。"
"力荐","2018-12-09","3","多像是看我自己的故事啊。如果我十三四岁有写日记，日记里可能写得都是坐在防盗网上李玩想的吧。那种被强迫的恐惧、被辜负的沉痛以及被贯穿整个青少年时代以不懂事儿为名的指责都不会磨灭。但也必须承认，人小的时候的确过分以自我为中心，而现实世界也的确不是你想的就是理所应当的"
"力荐","2018-01-27","1","以爱的名义骗你，以爱的名义打你，就是剥夺了你的选择权，站在道德制高点对你施压，他们所说的长大懂事其实就是隐忍，压制自己真实欲望，手破了也要面带微笑！"
"推荐","2018-12-07","3","“不要忘记曾被粗暴对待的青春，虽然没被世界温柔以待，但也请不要把粗暴习以为常。”如果真的有平行宇宙，那我大概很心疼某个时空的自己有着这样的人生。你不会一直活在不快乐的十三岁，而那个十三岁的你终于也被理解了。"
"无评价","2018-11-25","0","哎 看得好累。"
"推荐","2018-12-09","1","死公主的帕凡舞曲。"
"很差","2018-12-14","5","作过头了，你以为观众都是傻逼看不出你要表达的那点儿东西"
"推荐","2018-11-15","3","女主的家庭背景和我室友很像，很多情节也都是我们成长过程中经历过的，过于真实引发不适。可能为了基调不过分黑暗把父亲的行为改得温情很多，现实生活中女主不管是找狗还是任何逆反行为都会遭到所有人的指责，同理心在中式家长身上几乎不存在，尤其是对女儿【不要问我是怎么知道的 然而我们就是这样一天天长大。还是比较庆幸自己是独生子女，这部影片里提及的问题在我的成长过程中骤减一半。"
"推荐","2016-07-01","2","情感和叙事的节奏都非常好，青春成长的呈现，但并没有展现其原因，但也足够合理不矫情。到最后每一次我都以为结尾了，结果居然还有另一个结尾点。好在最后是比较光明的呈现。每个人都需要与少年的规则，不成体系的价值观挥别。最后少女还是进入了成人世界。"
"力荐","2018-12-10","1","建议片头增加“如果你这样当家长，你就是一个狗B”，然后强制所有人观看"
"推荐","2018-03-26","1","后半段太好了，细节都很真实，突然想到其实童年剥离记忆的美好蒙层是一个痛苦和残酷的过程。不怪家庭，不怪成长的每一个环境节点，成长真的很残酷，要成为墙上的那块砖，要成为自绞双翼的鸟最后缄默的戳破幻想。狗是这个青春的一个旁观，狗的丢和死很象征。要是能克制一点精简一点配乐少一点妥妥的五星"
"推荐","2018-12-14","0","应该有平行宇宙吧。否则这个狗B的世界太无望了。爱因斯坦不见了，假装的替代不了，真的找不回了，只能在回忆时伤心缅怀，可以咽下牛奶了也可以咀嚼狗肉了。我长大了，TA死了。"
"还行","2018-12-09","4","剧情太过真实让我第一次怕在电影院崩溃所以剩了一个小时没看就逃出了电影院。问了朋友结局是女主“变成了听话的好女孩”，太惨了，真的太惨了。女孩惨我们也惨，中国孩子的成长就是各种不致命的“惨”累积的。"
"较差","2018-12-09","3","我真的没办法感同身受，不是因为我有多幸福，而是即使不是宠爱长大的我，也觉得女主谈不上懂事善良，有宠爱她的爷爷奶奶，有虽然没有陪伴但是其实能看出来关心他的父亲，还有那个继母，有些情节想展现她有心机，但是即使是有心机，她也不是一个恶毒的后妈，她还在用她的心机顾虑这女主的心情。还有一个可能不是一直站在她身边的表姐，但是也是关心着她，会真心为她开心为她难过的人，我不觉得女主有资格觉得全世界都欠了她的，更没有资格觉得自己是悲惨的"
"推荐","2018-12-07","1","其实这部电影有没有孩子的人都应该去看看，我们的成长过程中或多或少都经历过片中女孩的境遇，也最好不要让下一代再去经历一遍。大人们爱用“你要懂事”“你得听话”强塞给孩子一些事物，不管他们需不需要愿不愿意；再用“你要懂事”“你得听话”把这些剥夺，不管孩子舍不舍得痛不痛苦。真正的大人什么样？当学会妥协、忍受、沉默、伪善之后，就已经无奈的踏进成人世界了。"
"推荐","2018-12-09","1","学会懂事，学会伪善，选择被接受，选择自我阉割，这样你才有了“入世”的基本条件。<时间简史>和科技馆在唐诗、三字经面前只不过是崇洋媚外的小把戏而已。宁愿选择“丢失”，也比收获“痛苦”要好过一点。"
"还行","2018-12-16","3","大段的对话、动作都引起强烈不适。长辈反复念叨和强调的“懂事、长大”，这些看似积极向上的词汇，内里都极为鲜血淋漓，是什么人非要在我心头剜几道口子，还要让我笑着摸着自己的伤痕说“不疼”？ 我自认拥有一个幸福的家庭，父母对我宠爱也温和，但依旧无法逃避相处过程中彼此之间总会发生的些许罅隙 我们爱一个人，总是太卑微又太强势，喜欢一个人也总是太简单也太粗暴。那些成年累月的误解，是在没事，说错话道歉就好；下手重了，没事表表决心就过去了的自以为是里；有的喜爱即使嵌近皮肤也到不了心里 很后面的时候，爸爸在车里哭，捂住女儿的眼睛不想让她看到自己的狼狈，我才动容地落下泪来，可能他也曾是那个看着自己心口裂痕，咬牙微笑说不痛的人吧。如果生来要历经艰辛，我希望所有孩子都不要来到世上；如若他来了，万望他拥有人世所有欢愉。"
"力荐","2018-12-06","4","我看到的是，大家都太把自己的那点付出当回事了，不仅仅是家长，我是为你好和我为你做了那么多，本身就是自私的句式。反而更喜欢了李堂，没有给妹妹和男友留下尴尬，而她“伪善”的背后，也只是另一个李玩的成长史了。所有人都是善意的，但我始终认为，表达爱就是爱最重要的一部分，不会表达爱的人，不要再说爱人了，被这样爱的人往往更辛苦。"
"力荐","2018-12-01","0","做自己越来越难，越来越难，越来越难"
"力荐","2018-12-09","1","从一个少女看见小狗开始，到一个少女吃下狗肉结束。曹保平用这么一部“骂人”的电影把当下少年成长的那些支离破碎全给刨了出来。前半段“成熟”的我用膈应的眼光去审视这个仍然还未长大的少女，但后半段，不断在生活中成长的少女一点点学会了恐惧、隐忍和配合，我的心则不断被一层层剥离。当李玩最后终于成为一个破碎的大人时，我的心智却仿佛退化为童龄，不知所措。张雪迎在弟弟的生日宴上强颜欢笑的那幕是全剧演技高光点。最后，李玩在滑冰场看着一次次跌倒的弟弟，眼中已不再是原先的排斥，反而多了一份理解与同情。因为她知道，这个孩子也将经历和她一样的阵痛"
"很差","2018-12-13","6","做作，刻意，故作深沉，既没新意又没内涵，片子里的每一个人，每一个，都惹人讨厌，今年唯一没看完就离开电影院的片子，8.5分真是莫大的耻辱，主创把自己当牛逼的片子比把观众当傻逼的片子还让人反胃。"
"还行","2018-12-11","4","记录了真实的中国式家庭教育，引人反思，养不教，父之过。结局又讽刺了中国式的溺爱。"
"推荐","2018-11-30","1","太过真实以至于会引起很多共鸣与回忆。本子极好，而拍摄地就在编剧自己爷爷奶奶家，年代感扑面而来。青春期的敏感、孤独、不被理解、与家人朋友的冲撞，被分散成无数个细节充斥于影像中，像一个猛子扎回了自己的青春期。确实是近年来院线最好的中国式青春片，推荐观看。"
"推荐","2018-04-02","0","成长中的摔打在所难免，丢失的狗狗和失去母亲的创痛难以平复，无论是动物还是人，总要有颗善待的心，才能被她/它善待。没有谁的错，父亲爷爷奶奶无法照顾周全，如果不能改变别人就需要改变自己。"
"力荐","2018-04-07","2","这让人令人作呕的成熟"
"力荐","2018-12-07","3","终于有一部电影诚实地记录下了多少中国孩子成长过程中共通的心理阴影……"
"还行","2013-11-15","4","母Z和母H接近，而在母子、母女PS中，父H被榍秩胝撸母Z成尚可而外Z成不佳，通常被榕c父H不良PS的投射。"
"还行","2018-12-24","0","刚看完《我的九月》，接着《狗十三》，同样是儿童题材电影，大家可以感受一下。前者，每一个“可恨的人”都很可爱；而后者，没有可爱的人，明明是一部青春片，却拍出了整个社会的戾气。"
"推荐","2013-12-16","1","主角奏是徐娇吧（笑）。”成长教育“、“青春残酷物语”；狗换成别的动物起的效果等同；煽情节制，冷静将观众带入情绪；李玩最后的转变即“我们终将逝去的青春”和童真。"
"推荐","2018-12-04","1","“懂事”这个词真的很奇怪，就是那种你童年永远想被表扬，成人后却想极力逃脱的人生困境。于是在“你要你要”的背景音下，就经常忘记自己想要什么，只有看着野狗一样的人满嘴羡慕。可是，究竟充满苦痛的成长会更像一条狗，还是在被绳子拴住宠溺的成长更像一条狗呢？《狗十三》倾尽共鸣去讲了前一个故事，而野狗只好阿Q的去猜，别人都活在狗一个故事里啊。（为全程西安话点赞，并希望可以整理一册《中国式家长模范用语全集》）"
"推荐","2018-12-28","0","我们在李玩的身上能看到一部分的自己，就像李玩在昭昭身上看到一部分自己那样。每个少年的成长，都会经历如同丢失了“爱因斯坦”和在冰场上反复跌倒的时刻，最后我们或多或少，带着少年时的影子，变成了我们曾经讨厌的大人。"
"还行","2018-12-11","0","不懂为啥才解禁"
"力荐","2018-02-20","2","这就是我的电影啊 所有的开心和不开心都只会慢慢磨灭 一次次后我也对我爸不会抱希望也不会有什么不开心 弟弟生日那段特别能体会到李玩的心情 就只想找个地方一个人待着 到现在也是 家里有任何长辈亲戚来了都只想自己在房里待着 是李玩的十七岁也是我的十七岁"
"推荐","2018-12-13","3","有人觉得细腻，有人觉得残酷，有人觉得矫情，这都无所谓。或许不能否认的是我们都难以避免地置身于这样奇怪，扭曲又耳熟的处事规则里。懂事的孩子要学会体谅，成熟的成年人得知道见好就收，莫太较真，这是我们从小至大耳濡目染的生活哲学。记录成长的铅笔在时间长轴上书写，笔尖总有一日会磨钝。是成长，妥协，和解还是自我保护，就看个人经历渲染的底色了"
"力荐","2018-12-26","0","“说实话”开头的句子，往往都是假话，长大就得学会“说实话”。"
"推荐","2018-12-12","3","整个电影陈列了我们常见的少年成长的困境和成人世界的问题以及这两者之间的冲突，却没有给出出口、答案和解决方法。每个人都能在这部电影里看见自己的影子，但如果大家都只放大自己的苦衷，批判对方，恐怕只会加剧对抗；大家不妨也在这部电影里看看别人，试着理解对方的痛苦，反思自己的行为，才可能实现真正的和解，而这才是这部电影的意义。"
"力荐","2013-10-16","3","电影很好，我是冲着白水的配乐去的~"
"推荐","2018-12-07","2","影院刷了一遍，补标。如何谋杀一个孩子，如何促成一段成长。懂事、乖巧、伪善的是大人，这是真正的青春片，不洒狗血，没有乱七糟八的堕胎出国。全片布满重复与隐喻，两次“这样的事儿以后还多着呢”，三次找寻狗的过程与最后再见到小狗，喝牛奶与酒的不同情景，她在“成长”……而一头飞进教室的蝙蝠，它飞错了地，活该被拍死。我们都是这样长大的，甚至比电影来的更要平淡、压抑、波澜不惊。ps李玩在房间里听的是涅的歌。"
"推荐","2016-09-21","1","她还不到13岁，就已经老去了"
"力荐","2018-07-02","2","中国式饭局 中国式教育 中国式家长 第一次看到把我们这代人的生长环境如此深刻地拍出来的片子 女主最后吃下那块狗肉注定了她是个能成大事的人 这场戏震慑到了我 “这种事以后还多着呢。” 曹保平真是个不可估量的电影天才"
"较差","2018-12-13","5","本来想打一星的，觉得这个电影剪辑很混乱剧情不流畅。学弟说这电影被禁了，应该是剪过的，那我打二星吧。我不认为父亲打女儿是对的，但你推到爷爷也是错的。小孩有小孩的生活，成年人也有成年人的生活。很多人说这是写实的青春，我只能说我的青春不是这样的。甚至连电影里那个本来大家会很宽容的校园爱情都看起来蠢得要死。我一度以为电影想从爷爷奶奶和爸爸对待小男孩的态度来暗示我们小女孩变成这样是因为宠溺的教育导致的。后来吃狗肉故意不认狗真的没必要这么成熟的，换我我就不会。"
"还行","2018-12-12","1","旱冰场真是华彩乐章。父亲的暴力与忏悔后仍指鹿为马是精彩之处。男生说听不懂女生的话，也有点男神不懂库布里克的妙处，喜欢看他俩的戏。小女主的掐着舌尖儿普通话太难受。像狗丢和推倒爷爷都太刻意。用未成年人来戳破成年人的虚伪不是什么新鲜事，日剧大量，手法和角度上本片并无出新或本土特色，饭局一场我在观众席上都如坐针毡，使电影变成了另一种老调重弹的中年人饭局。贴面而来的乡音的确很有代入感。锵锵三人行画外音出现。"
"力荐","2018-12-01","3","“以后这样的事，还多着呢。”"
"推荐","2018-12-12","0","她和她的狗，我和我的植物。她不喝牛奶，我不系皮带。"
"力荐","2018-05-24","2","成长真的太痛了，不想再来一次。而这个过程在旁观者看来又显得愚蠢又傻逼，别人看你是，你看别人是。孤独是一把锋利的刀，能保护自己，更会划伤别人。没有答案，没有意义，这就是唯一的答案和意义。"
"推荐","2018-12-10","1","以点见面，许多惯常的东西展现在大银幕上，观众才恍然大悟。该有的刺痛、敏感，都变得麻木了。缺点是太直白和抓马，前半小时难以入戏。"
"无评价","2018-01-28","1","太懂了。。。"
"推荐","2018-01-31","1","没话讲了，是狗是人命运都一样。"
"推荐","2018-12-29","2","青涩倔强的眉眼，微微驼背的青春期的身材，削瘦，孤单，不施粉黛也是一抹绝色。李玩的样子熟悉而遥远，总让我想起自己的初中时光。也许每个平凡人都是在李玩这样无奈的琐碎的环境里成长，最后并不是成为了“大人”，而只是一个被迫成熟的、终于认清“现实”的、老去的小孩……那些“大人”硬塞给我们一个个爱因斯坦，在我们终于被迫接受不完美的时候，又把我们支离破碎的甘之如饴夺走。是吧，是啊，一直都是这样，连最亲的人，在我们的孤单岁月里，连伸手扶我们一把的恩赐都懒得施舍。就是这样，你被迫接受失去，被迫失去快乐，被迫成长被迫成熟。"
"推荐","2018-12-09","1","“你见过真正的大人吗？”或许《狗十三》最大的意义正是为中国电影少有的青春残酷物语题材做了一种影像图谱式的填充。在此片中，我们最能体会到的就是成人以“爱”的名义对青少年进行的种种“合理施暴”，而在这种早已司空见惯的游戏规则下，每个小孩都变成了可以被规训或豢养的宠物，进而使得他们成了大人们观赏和炫耀的玩具。焦华静的剧本写得很好，强势的传统文化和社会机制被隐匿于暗潮涌动的家庭关系之间，而李玩寻狗长大的过程就是被成人世界“钳制”和“强奸”的一出青春挽歌。不过，我总认为这个片子可以拍的更好，交给曹保平这种类型片导演出来的效果还是显得匠气了许多。尤其是要与肯・洛奇的《小孩与鹰》和林赛・安德森的《如果》相比，《狗十三》始终差了好几个量级的水准。"
"力荐","2018-07-19","2","打一顿，再给颗蜜糖。“打你是因为爱你，你长大了就会明白。” 然后久而久之，就假装不叛逆了，就假装懂事听话了，就隐藏真正的想法了，反正也没用嘛，只会换几个耳光。 感觉自己会养不好孩子，所以不想养孩子。"
"推荐","2018-10-08","4","丢了一条狗，再买一条狗，取个相同的名字，是否能换来相同的温暖。喜欢一个人，讨厌一个人，刻上不同的纹身，是否能品尝不同的感情。红酒喝了，狗肉吃了，孩子们倒是越来越懂事了，大人们反而越来越疯狂了。有人双手鲜血淋漓，有人双眼满含泪滴，为何每次伤害都是以爱的名义。再回首，别养狗，莫装逼。"
"还行","2018-12-19","0","这电影要是能让人感动哭，那中国的万千孩子们每一个的故事挖出来，都是各自残酷的童真剥夺史"
"力荐","2018-12-05","2","这才是我们最真实的青春：表面上被温情脉脉的亲情所包裹，但这种温情却薄如窗纸，一捅即破，然后展开里面内核的压抑、残忍甚至惊悚。影片的英文名子叫Einstein & Einstein，前后两个名为爱因斯坦的狗，融合了孩子在成长过程中的心理和性格的转变。这种变化看起来是异常的，是大人用伪善、扭曲的亲情强施于人，是杀人不见血的“规训”式的，但这种手段、过程和结果却真实发生在我们每一个人的身上；我们这一代大多数人所受的教育和驯狗并无两样，听话了受到短暂的赞赏，不听话就要被无情抛弃，这种方式比打骂更扼杀人的心灵。更为不幸的是，我们的上一代，甚至我们的下一代，大家都已经或即将面临同样的处境，施害者和受害者的身份世代更迭，恶性循环早已根深蒂固，每个人都是牺牲品。一如片名，真是个让人绝望的狗B（13）世界啊。"
"力荐","2018-12-10","2","这个世界这么坏，你是怎么长大的呀？"
"推荐","2018-12-09","0","我围观了一场成人世界对青春的谋杀，围追堵截，头破血流"
"力荐","2018-12-09","3","狗十三的票房远低于无名之辈，也许说明了一点：很多人沉迷于“啊我的生活糟透了”的自我陶醉中，但是他们不喜欢下一句“你这个人不也糟透了”。"
"推荐","2016-09-04","1","比致青春，同桌的你啥的好太多了。。。这才是中国所缺少，也真正需要的青春成长电影。我弱弱的猜。。不让上是不是因为讽刺的太过了。"
"推荐","2018-12-08","0","好几次戳到泪点。巨婴国真人真事。"
"力荐","2018-12-08","2","后来我终于明白了，偏见是刻在人骨子里的，无法改变，我也领悟了，在这样的社会，反抗毫无意义，越早接受，越早成熟。有一天在街上，我终于找到了它，但我最终没有把它争回来，我很开心，也很难过。这是个狗逼的世界，但我们需要狗逼的活着。"
"还行","2018-12-01","1","毛主席说：“《水浒》这部书，好就好在投降。做反面教材，使人民都知道投降派。”我觉得，曹导不该妥协，我们所有人都一边长大一边妥协，够烦的了，大荧幕上来个鱼死网破，也是一个念想。为什么不十三个淋漓尽致痛痛快快？何必所有人都温良恭俭让仁义礼智信？人性有那么干净吗？为了能上映，挥刀成一快，不负投资人。真是荒诞。"
"较差","2019-01-04","0","豆瓣精选十大尬吹文艺片：百鸟朝凤、中邪（已剔除）、嘉年华、24帧、燃烧、大象席地而坐、狗十三…（未完待续）"
"推荐","2018-12-05","0","青春是一场成长的疼痛，当最后落幕是同样的重复，突然想起一首闪着泪光的决定，哪怕多年后内心自我解嘲瞅你那傻缺样。如果我和爸爸一起来看，他不会明白大人对孩子的成长的力量，在外力无法得知确切方向时，生活打击过来你得学会弹性碰撞，内心留下的痕迹会在某一天突然想起，再淡淡一笑，多想说句那些伤害我的终将使我强大啊！啊！啊！"
"推荐","2018-12-13","0","对联上的字，一个不认识。"
"推荐","2018-11-26","0","少女的青春成长之路，典型的溺爱式家庭中的孩子，但是由于父母离异又有了变故。本片大大超乎预期，狗是个很好的线索与切入点，一直为女主角及宠物的命运揪心，配乐也很赞，步步紧逼，营造氛围。尽管女主角家庭条件很不错，但是并不开心，就这样慢慢地长大了。折射出多少中国孩子的成长心路历程。"
"推荐","2016-09-25","1","曹老师在家庭题材上的佳作；叙事流畅，演员表现投入，对白朴实极具生活气息；剪辑常有跳接，或只为加快节奏吧，感觉更像是把20集国产电视剧浓缩成一部2小时电影，也只有科班出身的人才能做得好吧；剧情引出多种家庭社会问题，令人深思，被禁表示不解；配乐糟糕，如果摘掉配乐，依然有节奏才算你NB~"
"推荐","2017-10-20","1","这个是很久很久以前，课上看的了。有点喜欢"
"推荐","2018-12-08","0","18125#狗子和狗子是幸福的，起码有人真心喜欢过它和它。真是太丧了，为什么我要看这么丧的片子，甚至最后连假装美好的结局都不给，叫人怎么欺骗自己这个世界其实并没有这么糟明天会更好？还是吃条巧克力来麻痹一下吧"
"推荐","2014-01-20","1","曹保平最锋利的匕首在这里。"
"力荐","2018-12-07","0","真的，羡慕你们这些没有共鸣的孩子。五星推荐了。"
"还行","2016-07-29","2","没有传说中那么神，不过曹保平的确是商业文艺片导演中影像风格独树一帜的一位。成长就像那杯喝了就想吐的牛奶和那块咽不下去的狗肉。配乐太像悬疑片，剪辑太碎，特写太多，把本该饱满流畅的情绪打乱了。好在少女李玩很灵。"
"推荐","2018-12-16","0","谁不是这样成长起来的，只不过有的人选择了妥协，有的人还在继续抗争。"
"力荐","2018-02-23","0","家长骗你，你不信，就是不对，就是该打，没打死算好的，社会主义救了你。聊斋配乐，差评。麦若愚提过的片子。"
"推荐","2018-11-30","0","两个爱因斯坦，大概就是平行宇宙，以及两段心痛史。逆反的物理少女大概只能在摇滚乐中获得自我。有点迷～晚上回去想把腰乐队的唱片刷两遍"
"力荐","2018-12-10","4","当自己的青春里那些无力改变、无从逃遁、无法消解的成长疼痛，竟被如此真实的还原在大银幕上时，我只能感慨中国家庭的教育缺失，这种感慨既带着无奈的愤怒，又带着侥幸的孤独。我的父母，在我最失意的时候接纳了陪伴我的小狗，在亲戚聚会的酒席上会替不爱喝酒的我找理由开脱，但我知道他们的所谓开明是一种妥协，一些中国传统父母的思想还教育模式仍然根植于他们心里，而孤傲的我，在对这些糟粕文化嗤之以鼻时，却真的有一分成熟的痛。"
"还行","2018-12-10","3","有点难以理解为什么大家对这么多尴尬的戏份视而不见，立意不错，但真的不好看，反正我是没有获得半点共情。人物角色不饱满，匆匆忙忙地拼凑情节，张雪迎汪汪叫重复几十遍的时候，我真的很想离场。"
"力荐","2018-12-04","1","灯光洒下来时我仍对着字幕流泪，听柯本在耳机里吼着""I'm afraid""时彻底在回家路上痛哭流涕。成长为什么这么难啊，偏要声嘶力竭着对抗周围人对心爱的冷漠，偏要鲜血淋漓像条狗一样被殴打，偏要死过一次，偏要学会闪缩客套地笑，偏要磨钝所有神经，才能将自己的尸体一口口嚼碎吞落肚仍说着“谢谢”。“每一场成长都是凶杀案。”希望平行宇宙里楼上真的有只鸟，所有痛苦都能被抚平。凤凰台的锵锵三人行，墙上的Axl Rose，热爱天文，全这样熟悉，你在床头写space travel，你会和爱因斯坦一起听space oddity吗。（列入我最爱的成长电影。）"
"力荐","2018-12-11","2","青春除了蕴含自己可能不再体味的青涩、不再葆有的纯真，还必然伴随着激烈阵痛与辛酸。当我们自认已经成长为大人，却发现它就像路边偶遇的“爱因斯坦”、形同陌路的“初恋”――其实从未消失，只是假装不认识罢了。原来自己心未死、人已老，青春总被雨打风吹去。于是，在影片的最后，看着墙上斑驳的“寻狗启事”，我哭了…"
"推荐","2018-12-18","0","国产式青春残酷物语，电影还是站在批判成年人虚伪与借口 「长大」来满足自身需求的角度，以 「少女与狗」的形式点出无论是孩子还是宠物，都是一种暂时的 「替代品」而已，直到少年成为无药可救的成年人。整体水准颇高，但是其中不少圆滑与刻意的细节却不太喜欢。"
"推荐","2016-08-10","1","矮马终于看上了。想起之前和朋友聊天，他说在大部分的父母无心的教养之下，要成长为一个人格健全的人需要很多后天努力。狗的那条线不错，完整而精细。竟然有腰乐队的歌，最后还看到罗可居的声音设计（期待日后看到大旋旋啊哈哈）。不过配乐太满了>.<按理说这影片我共鸣不多，但有好几处还是被打动了。"
"无评价","2018-04-30","1","剧本真的是太厉害了，有非常强烈的作者风格，简单的故事，摄影、调度都不简单，每个人物都立的起来 而且非常可爱，张雪迎才是初恋的样子才对 喜欢第二个镜头 好看 再回首桥段真的哭死啊....真希望自己一瞬间真的长大了"
"力荐","2018-11-26","2","看的过程中，想起罗振宇那句话“成长的本质，是变得更复杂……成长就是你主观世界和客观世界之间的那条沟，你掉进去了，叫挫折，爬出来了，叫成长”；看完后清醒了，又想起黄执中说的“你们有看过盆栽吗……他们用铁丝去固定那个树的枝丫，好让她长成你想要的样子――那个树没有成长，那个树扭曲了”。@UME新天地 感谢豆娘再次请我看电影。"
"较差","2018-12-16","3","女主角是根据豆瓣网友成长经历改编的吧，觉得自己特立独行不被理解，天天一副受迫害的模样，家人皆祸害，好像整个世界都欠自己的。不过成人的世界确实伪善，就像现在的你我一样"
"较差","2018-12-16","3","她起码有真正爱她的爸爸 不重男轻女的爷爷奶奶 不虐待她的后妈 优秀男同学的青睐 家庭条件优越 还可以学的明白物理 被打之后还有道歉 头脑清醒 我真的很羡慕她 她真的比我幸福"
"推荐","2018-12-04","0","每次看这种真实体现中国式家庭的电影都感慨我有个开明的好妈妈…保护我到现在。当然，在青春期的争吵也是很多的…最先触动我的是一边哭一边放最大声的音乐，我那时候是linkin park吧。被迫长大意味着伪善，不说实话，头也不抬吃下狗肉。"
"推荐","2018-12-05","2","太沉重了。如果没有共鸣，那青春该有多么幸运。"
"推荐","2018-12-11","3","爸爸的陕西话太不标准了 听的我总是出戏 不过爸爸那句啥时候才能长大 一瞬间泪目 可能有些话注定需要岁月的沉淀后才能懂得说话人的心境吧 还有女儿为了父亲吃下狗肉的那一刻说明女儿其实已经长大了 懂得为了父亲去牺牲"
"力荐","2018-12-05","2","少女成熟记+熊孩子如何惯出来的。挑的角色很准～配乐颇为不错。"
"力荐","2018-12-09","1","“我的心在疼痛，就像童年的委屈。”我们就是这样长大的，懂事的，这种事以后还多着呢，可是我们并不想成为这样伪善的大人，但我们只能慢慢把歇斯底里的委屈变成了一个人默默流泪后默默擦干。"
"推荐","2013-12-19","0","@ua西城都荟"
"推荐","2018-12-05","2","看完了不知道该说点什么，片子略显沉闷，因为自己成长期很乖，不是很理解女孩的叛逆，希望她懂事些，但后来她懂事了反倒有点失落还是怎么的，不知道说点什么好。"
"推荐","2018-05-28","1","虽然张雪迎的表演看不出什么层次，但已经是她到现在为止最好的表演了。一个有点脾气的小女孩，渐渐被父亲的“爱”打压下去，学会伪笑。酒桌上的男人/家长、家庭里的代际沟通，既带着传统的缺陷，也具有个人的脾性。"
"力荐","2016-09-24","1","真幸运没错过这部佳作，一部从头至尾让我暗暗爆粗口的电影。狠狠地揭穿了中国式家长与教育、中国式家庭与社会关系。至于隐喻，既深且广，毛骨悚然。豆瓣的剧情简介，货不对版啊。"
"较差","2018-12-11","3","这得多缺爱才能在这种电影里找到共鸣？"
"推荐","2018-01-28","2","吃下的是狗肉，咽下的是对生活深深的失望。这狗13的生活，爱因斯坦再牛13也无解"
"推荐","2018-03-29","3","只有我觉得一个单亲小孩爸爸妈妈不虐待爷爷奶奶很疼爱弟弟不烦人家里还有钱已经是很好结局了吗……"
"力荐","2018-12-16","0","“打你是因为爱你”，这话多恐怖啊！但是跟这里的很多人比起来，她已经生活在比较有爱的家庭了，这么一想就更沮丧了。"
"力荐","2018-02-28","3","成长过程中，从来没有人问过你真正想要什么，也从未有恰到好处的关心，一切你不能接受的言行举止不过都是“为了你好”。在高兴的时候告诉你一个坏消息这种事情，让我学会了不要真正的高兴，谢谢。半夜看 哭到头痛。//青春是一双不合脚的鞋。2018.12.11 大荧幕二刷 谢岛主赠票"
"力荐","2018-11-27","0","看到少女被父亲粗暴打骂时，我控制不住泪水，甚至条件反射似的全身都在颤抖，放佛回到了小时候那一次次被父亲狠狠打骂的恐惧记忆中。"
"还行","2018-12-09","1","各类“丑陋的中国人”"
"力荐","2018-12-24","0","在这片神奇的国度下，谁又不是被草翻在地，又站起来努力往前奔跑的人呢，姑娘是，爸爸是，弟弟也是，谁都逃脱不了。伴着目前双方父母轮番虐打孩子的新闻看，这父母也是家境优越的了，最起码没有靠打孩子来发泄，实属难得！生而不易，别想太多！将就活着得了.......能活着已经不错了！特别感恩活着，谢谢！"
"推荐","2018-12-08","1","我们或许没有义务相互理解，但至少可以相互原谅，因为生而为人无论孩子和大人谁又容易呢？到头来你会发现，成长甚至人生，都像是那场糟糕的演讲，观众中有些人默默支持，有些人好心帮了倒忙，有人只想看热闹，有人只是想完成他的工作，只有你自己才能决定把它演完还是选择放手，但无论哪一种选择，也要自己去做，也要自己站起来向前走。简单归为青春片对它并不公平，因为很大一部分在展示中国式家庭教育的弊端与缺失，父母讲给你的那些道理多半都没有意义，人生中的每一次疼痛还是要自己去尝。"
"推荐","2016-07-03","1","看烈日灼心的时候就感触到，曹保平对于人性的剖析，是透彻到让人凛冽的骨寒。你能清楚的感受到它穿过皮肤，让血管都感受到寒冷。如果说烈日灼心是人性最深处的温柔，狗十三就是人性最深处的寒冷。"
"力荐","2018-12-02","3","和父母一起看的，他们看到的是孩子的不懂事和成长，而我看到了每一个中国小孩都经历过的那些无法反击无法挣脱的痛苦以及忍气吞声的长大。每一个中国小孩和家庭都是如此爸爸。真的很难过。加半分给腰乐队和锵锵三人行。"
"推荐","2018-02-23","1","笼中鸟，出头鸟，比翼鸟，一石三去矣；丧家狗，落水狗，乏走狗，烈火尽烹之。"
"还行","2018-12-02","0","生二胎正确争宠指南请参考约书亚。里面青少年感情戏竟然意外精彩不落俗套？？？甩其他青春片几条街"
"推荐","2018-12-02","1","开心的时候抚弄你，不开心或者觉得你失控了就会伤害你，甚至拳打脚踢。当你冒犯他们的时候，就是你怎么这么不懂事不感恩。哪怕只有几次，那种无助还是刻骨铭心。(等等，片尾的不吃狗肉倡议怎么回事儿？)"
"推荐","2018-12-05","1","很好，出奇的现实，当然，依然有一点变化得太迅猛，还是杨德昌顶级。吃狗肉很扯淡，不可能吞得下的。另外，好多评论会把教育和成长对立，把父母和孩子对立，感觉跟什么哈佛教育家一样，我觉得还挺幼稚的，毕竟这部电影里是没有反派的"
"推荐","2018-12-07","1","成长的驯服及藏在背后的暗黑史各不相同，而我们拥有共同的健忘症。"
"力荐","2018-11-24","2","和女主经历几乎一样，观看时多次泪目，映后曹导说他在处理剧本时放大了戏剧冲突，而在我看来却格外真实。如果这片算2018新片的话应该能排进我的年度前三、铁定的华语片最佳。"
"推荐","2018-12-14","0","长大不易"
"力荐","2013-10-16","0","看完之后整个人都不好了，各种热情讨论，各种纠结"
"力荐","2018-12-02","1","年度十佳，希望想做父母的朋友都去看看，带孩子去"
"力荐","2018-12-13","0","两次寻狗分别是对家人的妥协和对生活的妥协，大人总是以过来人的身份自居，认为自己是对的，可其实孩子才是最讲对错分明的，差的真不是一条狗，而是一个道歉，最后放弃爱因斯坦和吃下狗肉，都是对这狗B生活的无奈，昭昭滑冰，中国式残酷教育也顺利继承到下一代了。"
"推荐","2014-04-16","2","走丢的温顺的爱因斯坦激发了李玩对成人世界的困惑和质疑，被送到狗场绝食的爱因斯坦让李玩开始成长，明白这个成人世界充满疑点的规则也许无法打破。成长的孤独、妥协与无力，是终于可以淡然地说：“幸好它没认出来。”或许，13之后的李玩，和爱因斯坦一起走丢了。"
"推荐","2018-12-06","0","女孩和狗的对位。"
"力荐","2018-01-23","1","吃下狗肉那一刹简直太可怕了！为什么我们的成长环境这么险恶呢？"
"推荐","2018-03-22","0","终于有机会补了张电影票 每个人的童年都该有条叫爱因斯坦的狗 所谓的长大也许就是一夜之间 但残酷的代价是谁说我不在乎"
"力荐","2018-01-28","1","第一个爱因斯坦丢了，第二个爱因斯坦死了，最后一个爱因斯坦“长大成人”了。她嚼碎自我，咽下尊严，吞掉过往，成功被驯化为一只“宠物”。在这个狗13世界，狗有时比人温暖、真诚，人有时比狗卑微、低贱。曹保平，无劣作。"
"还行","2018-12-27","2","不接受什么“对这部片子没有共鸣的孩子都是幸福的”之类的说辞。难看还不让人说了真是……两边的思路我都能理解，像我小伙伴就觉得说孩子太作了，我其实是不同意的。还有电影院里的妹子大声嘘父亲，说他撒谎，我也不同意的。可是这就是现状吧……这电影是真的没有电影样，鼓励一下，3星也不能再多了"
"较差","2018-12-24","0","导演想说的凌驾到角色之上！故弄玄虚矫揉造作！"
"还行","2018-05-13","0","李玩形象是悲哀的，和我们周围的大多数一样，虽说无奈，但悲哀是注定的。电影直指中式教育以及传统文化，野心是有的。在家庭伦理语境下，万千少女的成长多是苦涩，哪来的激情可言。不知道西安话里狗B到底是什么意思，这一耳光由于发力时机、角度等问题没扇响。车里有《再回首》，怎么不是《花房姑娘》"
"还行","2018-12-16","0","-“叔叔，我不会滑”-“你不是会了吗？”前半程演得很尴尬，后半程工整地完成了这个修辞。"
"还行","2018-12-15","0","有狗的十三岁，狗样的十三岁，算是绵里藏针类型的青春电影。原来不是徐娇演的啊…五年了，女主都从童星熬成了青年演员，公映许可证都快过期了，终于能上映了。成长就像牛奶，吐啊吐啊就习惯了。我们也终将学会伪善，找到定位，戴好面具扮演自己的角色。"
"推荐","2018-12-11","1","13岁果然还是13岁啊，连反射弧都是在青春发育的。“小时候遇到事总觉得天要塌了、长大后才发现其实没啥甚至觉得天真可笑。”这句话熟稔于心，但孩童时期那个自给自足的小世界的脆弱与不堪一击却鲜有人刻画。张雪迎听着摇滚吃面条儿的镜头太美了。那个贴着艾薇儿海报床头堆满CD的小房间、在某一刻似乎成了一座无坚不摧的精神堡垒。"
"力荐","2018-12-04","2","太真实到残酷，在这样中国式的教育里，棱角被磨平，当一个孩子变听话了，在父母眼里就是长大了。任何这一代成长起来的人都能在李玩身上找到自己的影子。"
"推荐","2018-08-06","0","看完之后才猛然发现，故事背景下的李玩的年纪，和我的年纪事一模一样的。2016年的时候，我就是在读初三。「如果你有共鸣，那么说明你是和我一样长大的，如果没有的话 你不知道有多幸运。」所以，李玩确实是一个和我非常非常像的人。寄宿在隔代的长辈家（我寄宿在外婆家）、都非常喜欢狗、有一个以爱我的名义而袒护自己的父亲、有一个早熟的表姐、有一个喜欢我的同校男生。影片最后，姐姐和李玩走在路上，碰见一只狗。“ 刚才那只狗长得真像爱因斯坦啊。“ 姐姐听罢，扯她回去质问狗主人狗的来路。李玩什么也没说，只是向狗主人道过歉，然后转身离开。“ 真怕爱因斯坦认出我啊。” 此时的李玩表情平和，早已不再是当初的自己。她羞愧于再见到爱因斯坦，庆幸爱因斯坦没有认出她。"
"推荐","2018-11-25","0","其实十三岁真的是一个节点，这是接受痛的蜕变，接受人生不以自我为中心的人生节点。并不是青春，只是一种回忆。 狗其实就像是部分的自己，依托了，没了，也就遗失了。"
"力荐","2018-12-11","3","十分真实的故事。"
"力荐","2018-12-12","2","人生就是从青春期开始不停的打怪，不停的升级，不停的闯关，直到我们自己变成怪物本身。"
"还行","2018-10-10","3","成人的傲慢是指鹿为马的伪善教育，一腔赤诚则是青春带不走的遗产。剧本比成片出色太多。抛去文本上的指代，比起吕乐，曹保平的镜头语言在影像与情境之间反而起的是间离作用。"
"力荐","2018-12-09","2","数次飙泪。故事以小见大，冷峻客观，道尽中国式教育中一代青少年的悲哀，圆滑隐忍早熟如李玩还能把日子过下去，但有多少娃选择硬碰硬一路把自己刚到崩溃啊。“到底有没有真正的大人？”，少。"
"力荐","2018-07-29","2","陪父亲应酬，看着一桌油腻的男人，我不想成为他们；在家庭里，没有人想了解我，他们只将“懂事”代代传递…在大人的世界里，我永远是异类。后半段的镜头运用好细腻，让我完全感同身受了。 如果这就是长大，我不想长大。我不会附和他们。我知道我是对的。不管十三岁还是十六还是以后。我都不会挤出一个笑容，然后乖巧地说，谢谢叔叔。 这个父亲，真的是好爸爸。尊重孩子的爱好，专门买狗陪孩子，甚至打完孩子发现自己错了还会哭着道歉。要是这个爸爸是我的爸爸，我该谢天谢地了吧。 想起当年，姑姑家的狗生了崽子，我想带一只回家养。我的父亲，把狗从我怀里抢走，然后把哭闹的我拽出门去，只因为他嫌狗吵。他从来没有夸过我一句，哪怕我拿了演讲比赛的一等奖，哪怕我考了班里第一名。他下手不比电影里的爸爸轻。而他不会道歉，因为他永远是对的。"
"推荐","2018-12-05","0","4.5 曹保平职业生涯最佳了 要是五年前上映 恐怕张雪迎也不需要上什么演戏综艺 不会比文淇混的差"
"推荐","2013-11-15","2","青春成长的代价，血与泪。最后二十几分钟，把片子推向另一层次。难忘李玩最后在巷尾的哭，以及在车里问父亲，你和妈是怎么开始的？父亲哭得不能自己。没有白等。"
"推荐","2018-12-04","1","狗B的家庭和狗B的教育孕育出狗B的青年生活在狗B的社会。"
"还行","2018-12-21","1","核心的问题是，每个人都没有选择诚实地生活。所以他爸一会儿大哭一会儿狂喜，因为他总觉得自己没办法，一切都是能搪塞就搪塞过去。李玩最后也没能免于落入俗套。我的成长过程就是和父母漫长的抗争，当他们有道理时，打我也应该，当他们不讲道理时，打死我我也不服从。我觉得我没能长成一个伪善的人，是因为我诚实地面对了我的生活。这种心安理得和无所畏惧，大概伪善的随波逐流的人不能懂。"
"推荐","2018-11-25","4","哭唧唧的爸爸从头哭到尾，新生命的诞生喜极而泣、打了李玩痛心疾首而泣、李玩那句谢谢清醒而泣、面对已散前妻来电失去而泣，不是说以后经历的还会很多么，那爸爸你为什么还这么爱哭？"
"推荐","2018-11-27","0","“我就没见过离开家还能回来的”,一开始以为说的是爸爸,最后才发现说的是妈妈。面对每一次父亲的哄骗和打压,女孩从抗拒到接纳,孩子的麻木成了大人眼中的“长大”。特别喜欢演爸爸的演员,你可能没有这样的爸爸,但是你一定见过这样的“大人”。愿我不会成为这样的大人。愿每个孩子被温柔对待。ps:有些情节设置还是掉到青春片套路陷阱里了。"
"还行","2013-10-17","0","百老汇电影中心，豆瓣送票。很好，或多或少看到些自己小时候的影子和养过的狗，很多情节抓住中国式教育孩子方法的精髓，因此非常触动人心。只是片名起得过于噱头，看之前完全没想到会是这种故事。"
"力荐","2018-01-27","1","被尊老观绑架，被爱幼观绑架，被家长双标，衡量懂事与否的标准全看分数……这样的成长真的太中国了！就因为这些，我们失去了很多那时不该失去的东西，也见识了很多那时不该看到的东西――被逼着学会了一个人处理情绪，被催着变得成熟。哎～那句酒后的“你见过真正的大人吗？”真TM糟心！"
"力荐","2018-12-05","3","年度最佳！纯粹靠渲染力和代入感！至今仍记得我中学因为晚归，我爸因为工作家庭上的不顺利一晚狂扇我14个耳光发泄，第二天故理性跟我讲道理。永远不会明白懂事跟顺从的区别。"
